Major Beginning of Semester,Cum GPA Beginning of Semester,Major End of Semester,Cum GPA End of Semester
UNDECIDED,2.481,ACCT-BS,2.517
FIN-BS,2.043,ACCT-BS,2.043
BA-BBA,1.945,ACCT-BS,2.023
ART-BA,3.204,ACCT-BS,3.133
BA-BBA,3.258,ACCT-BS,3.381
POLI-BA,3.864,ACCT-BS,3.889
ART-BA,2.977,ACCT-BS,3.089
COMM-BA,3.5,ACCT-BS,2.941
BA-BBA,3.923,ACCT-BS,3.944
CHEM-BS,2.938,ACCT-BS,2.95
CS-BS,3.406,ACCT-BS,3.109
CJ-BA,2.917,ACCT-BS,2.938
CJ-BA,2.857,ACCT-BS,2.975
MGMT-BA,1.385,ACCT-BS,1.641
GENS-BGS,0.0,ACCT-BS,3.8
MGMT-BA,2.545,ACCT-BS,2.667
BIOL-BS,0.0,ACCT-BS,2.909
BA-BBA,3.667,ACCT-BS,3.875
NURS-BS,3.587,ACCT-BS,3.587
UNDECIDED,2.333,ACCT-BS,2.565
BIOL-BS,3.75,ACCT-BS,3.769
NURS-BS,0.0,ACCT-BS,3.733
FIN-BS,0.0,ACCT-BS,2.545
PSYC-BA,0.0,ACCT-BS,3.357
ITEC-BS,4.0,ACCT-BS,3.8
GENS-BGS,0.0,ACCT-BS,3.4
MRKT-BA,3.1,ACCT-BS,3.4
BIOL-BS,4.0,ACCT-BS,3.409
ART-BA,2.333,ACCT-BS,1.8
UNDECIDED,0.0,ACCT-BS,2.929
BA-BBA,2.313,ACCT-BS,2.468
FIN-BS,2.313,ACCT-BS,2.19
CS-BS,0.0,ACCT-BS,2.909
NURS-BS,0.0,ACCT-BS,0.364
POLI-BA,0.0,ACCT-BS,2.5
FIN-BS,0.0,ACCT-BS,3.0
ENGL-BA,3.4,ART-BA,3.469
COMM-BA,2.431,ART-BA,2.587
BA-BBA,2.087,ART-BA,2.259
ITEC-BS,3.1,ART-BA,2.8
COMM-BA,2.55,ART-BA,2.486
UNDECIDED,3.067,ART-BA,3.119
GENS-BGS,3.0,ART-BA,3.13
ENGE-BA,2.392,ART-BA,2.413
ENTC-BS,2.519,ART-BA,2.222
UNDECIDED,3.0,ART-BA,3.471
CJ-BA,3.0,ART-BA,1.733
KIN-BS,0.0,ART-BA,1.0
BIOL-BS,3.0,ART-BA,3.0
UNDECIDED,0.0,ART-BA,3.143
UNDECIDED,0.0,ART-BA,2.182
NURS-BS,0.0,ART-BA,0.182
COMM-BA,0.0,ART-BA,3.0
ITEC-BS,0.0,ART-BA,2.714
PSYC-BA,3.0,ART-BA,1.824
KIN-BS,0.0,ART-BA,2.286
NURS-BS,2.655,ART-BA,2.822
SPTM-BS,2.286,ATHT-BS,2.222
BIOL-BS,2.588,ATHT-BS,2.244
KIN-BS,0.5,ATHT-BS,1.412
CJ-BA,3.0,ATHT-BS,2.235
KIN-BS,2.821,ATHT-BS,2.932
NURS-BS,2.0,ATHT-BS,1.636
BIOL-BS,0.0,ATHT-BS,1.556
NURS-BS,0.0,ATHT-BS,3.077
BIOL-BS,0.0,ATHT-BS,2.875
KIN-BS,0.0,ATHT-BS,3.182
KIN-BS,0.0,ATHT-BS,1.643
GENS-BGS,1.1,BA-BBA,2.188
GENS-BGS,1.365,BA-BBA,1.455
NURS-BS,2.025,BA-BBA,2.204
ECED-BS,2.728,BA-BBA,2.626
ENTC-BS,3.031,BA-BBA,2.955
ACCT-BS,3.971,BA-BBA,3.95
ACCT-BS,2.136,BA-BBA,2.06
SST-BA,4.0,BA-BBA,4.0
ENTC-BS,2.529,BA-BBA,2.45
ACCT-BS,3.625,BA-BBA,3.45
BIOL-BS,2.319,BA-BBA,2.283
IT-BS,2.273,BA-BBA,2.273
CHEM-BS,3.184,BA-BBA,3.227
ECED-BS,2.903,BA-BBA,2.977
KIN-BS,2.714,BA-BBA,2.754
SST-BA,4.0,BA-BBA,3.927
CJ-BA,2.278,BA-BBA,2.273
CS-BS,3.1,BA-BBA,2.727
CJ-BA,2.704,BA-BBA,2.325
MGMT-BA,2.742,BA-BBA,2.743
ACCT-BS,2.182,BA-BBA,2.0
UNDECIDED,2.174,BA-BBA,2.0
HSM-BS,2.556,BA-BBA,2.615
IT-AAS,3.563,BA-BBA,3.068
ACCT-BS,3.0,BA-BBA,3.5
UNDECIDED,3.0,BA-BBA,2.826
BIOL-BS,2.333,BA-BBA,2.61
CS-BS,3.5,BA-BBA,3.238
KIN-BS,0.0,BA-BBA,0.0
UNDECIDED,0.0,BA-BBA,2.909
KIN-BS,2.889,BA-BBA,2.444
SPTM-BS,0.0,BA-BBA,3.333
ENTC-BS,0.0,BA-BBA,3.667
OSHE-BS,0.0,BA-BBA,1.714
OSHE-BS,3.127,BA-BBA,3.011
CS-BS,0.0,BA-BBA,2.929
UNDECIDED,3.286,BIOL-BS,3.353
NURS-BS,2.0,BIOL-BS,2.5
GENS-BGS,3.483,BIOL-BS,3.52
MATH-BS,3.244,BIOL-BS,3.299
COMM-BA,2.329,BIOL-BS,2.387
UNDECIDED,2.032,BIOL-BS,2.076
ELED-BS,3.119,BIOL-BS,3.139
KIN-BS,3.32,BIOL-BS,3.336
GENS-BGS,0.0,BIOL-BS,3.182
NURS-BS,3.3,BIOL-BS,3.209
NURS-BS,3.773,BIOL-BS,3.649
NURS-BS,3.261,BIOL-BS,3.313
ACCT-BS,3.667,BIOL-BS,3.684
CHEM-BS,2.862,BIOL-BS,2.737
IT-AAS,1.481,BIOL-BS,1.718
NURS-BS,2.667,BIOL-BS,3.409
SOC-BA,3.414,BIOL-BS,3.366
CHEM-BS,3.857,BIOL-BS,3.529
ART-BA,0.0,BIOL-BS,3.8
FCS-BS,4.0,BIOL-BS,3.893
CS-BS,3.6,BIOL-BS,3.654
HSM-BS,3.0,BIOL-BS,3.231
UNDECIDED,2.4,BIOL-BS,2.759
ECED-BS,2.515,BIOL-BS,2.436
CS-BS,3.909,BIOL-BS,3.936
CHEM-BS,0.0,BIOL-BS,1.667
NURS-BS,3.0,BIOL-BS,3.471
IT-AAS,0.0,BIOL-BS,0.929
BA-BBA,0.0,BIOL-BS,2.667
NURS-BS,0.0,BIOL-BS,0.909
CHEM-BS,0.0,BIOL-BS,2.25
NURS-BS,0.0,BIOL-BS,1.889
NURS-BS,0.0,BIOL-BS,0.5
ENTC-BS,2.689,BIOL-BS,2.608
BA-BBA,2.0,BIOL-BS,2.222
CJ-BA,3.5,BIOL-BS,2.294
ENTC-BS,4.0,BIOL-BS,3.478
NURS-BS,0.0,BIOL-BS,2.182
NURS-BS,0.0,BIOL-BS,1.364
NURS-BS,0.0,BIOL-BS,3.625
COMM-BA,0.0,BIOL-BS,2.75
UNDECIDED,0.0,BIOL-BS,2.909
KIN-BS,4.0,BIOL-BS,3.833
CJ-BA,0.0,BIOL-BS,4.0
NURS-BS,1.898,BIOL-BS,2.107
NURS-BS,2.978,CHEM-BS,2.929
SW-BA,1.978,CHEM-BS,2.043
PSYC-BA,3.921,CHEM-BS,3.926
NURS-BS,1.722,CHEM-BS,1.593
GENS-BGS,0.0,CHEM-BS,3.25
CS-BS,0.0,CHEM-BS,2.714
NURS-BS,3.294,CHEM-BS,3.339
ITEC-BS,2.296,CJ-BA,1.821
GENS-BGS,2.73,CJ-BA,2.675
ELED-BS,2.929,CJ-BA,2.722
COMM-BA,2.6,CJ-BA,2.426
PSYC-BA,2.855,CJ-BA,2.922
NURS-BS,3.305,CJ-BA,3.119
FIN-BS,3.1,CJ-BA,3.143
KIN-BS,4.0,CJ-BA,4.0
BIOL-BS,3.081,CJ-BA,3.029
PSYC-BA,2.852,CJ-BA,2.548
NURS-BS,2.65,CJ-BA,2.667
MGMT-BA,2.5,CJ-BA,2.135
BIOL-BS,3.0,CJ-BA,3.056
UNDECIDED,0.0,CJ-BA,2.364
UNDECIDED,0.0,CJ-BA,2.182
CSD-BS,1.8,CJ-BA,1.767
ATHT-BS,0.0,CJ-BA,2.929
NURS-BS,0.0,CJ-BA,0.444
CS-BS,0.0,CJ-BA,2.0
ATHT-BS,2.342,CJ-BA,2.5
ITEC-BS,2.784,CJ-BA,2.683
PSYC-BA,2.967,CJ-BA,2.833
UNDECIDED,0.0,CJ-BA,2.909
IT-AAS,0.0,CJ-BA,1.833
ENTC-BS,0.0,CJ-BA,2.5
NURS-BS,0.0,CJ-BA,2.455
BIOL-BS,0.0,CJ-BA,1.667
KIN-BS,0.0,CJ-BA,0.286
NURS-BS,0.0,CJ-BA,3.5
CHEM-BS,0.0,CJ-BA,1.357
GENS-BGS,0.0,CJ-BA,2.5
UNDECIDED,0.0,CJ-BA,3.727
SST-BA,0.0,CJ-BA,2.5
CHEM-BS,0.0,CJ-BA,3.8
ENGE-BA,2.397,COMM-BA,2.427
CHEM-BS,0.0,COMM-BA,0.222
MRKT-BA,2.811,COMM-BA,2.836
BIOL-BS,3.755,COMM-BA,3.582
BIOL-BS,2.833,COMM-BA,2.289
UNDECIDED,0.0,COMM-BA,3.786
IT-AAS,3.132,COMM-BA,3.208
GENS-BGS,2.235,COMM-BA,2.781
CS-BS,2.941,COMM-BA,2.333
NURS-BS,3.0,COMM-BA,2.333
BA-BBA,2.0,COMM-BA,1.429
UNDECIDED,0.0,COMM-BA,3.727
GENS-BGS,0.0,COMM-BA,2.714
UNDECIDED,4.0,COMM-BA,3.333
ELED-BS,2.667,COMM-BA,3.5
ELED-BS,0.0,COMM-BA,2.364
SPTM-BS,3.0,COMM-BA,2.118
GENS-BGS,2.449,COMM-BA,2.418
ART-BA,3.0,COMM-BA,3.167
UNDECIDED,0.0,COMM-BA,3.143
ENGL-BA,0.0,COMM-BA,3.833
UNDECIDED,0.0,COMM-BA,2.5
NURS-BS,1.909,COMM-BA,1.655
GENS-BGS,2.0,COMM-BA,2.044
ENGL-BA,2.292,CS-BS,2.191
PHYS-BS,4.0,CS-BS,3.898
ITEC-BS,2.916,CS-BS,2.949
MATH-BS,3.593,CS-BS,3.597
NURS-BS,3.5,CS-BS,2.161
KIN-BS,2.192,CS-BS,2.488
ENTC-BS,3.0,CS-BS,2.353
PSYC-BA,0.0,CS-BS,3.143
ENTC-BS,3.5,CS-BS,3.55
ENTC-BS,0.0,CS-BS,3.727
UNDECIDED,3.5,CS-BS,3.4
CJ-BA,0.0,CS-BS,3.143
PHYS-BS,0.0,CS-BS,3.765
UNDECIDED,0.0,CS-BS,2.364
ENTC-BS,0.0,CS-BS,3.75
ENTC-BS,0.0,CS-BS,2.455
UNDECIDED,3.314,CS-BS,3.275
UNDECIDED,0.0,CS-BS,3.143
UNDECIDED,3.444,CSD-BS,3.651
PSYC-BA,2.217,CSD-BS,1.962
NURS-BS,2.83,CSD-BS,2.857
CHEM-BS,3.185,CSD-BS,3.262
ELED-BS,2.021,CSD-BS,2.148
NURS-BS,3.786,CSD-BS,3.8
ELSP-BS,2.034,CSD-BS,2.222
SW-BA,1.333,CSD-BS,1.273
BIOL-BS,2.2,CSD-BS,2.2
NURS-BS,2.667,CSD-BS,2.955
NURS-BS,0.0,CSD-BS,3.182
UNDECIDED,3.0,CSD-BS,3.294
HSM-BS,4.0,CSD-BS,4.0
ENGL-BA,2.444,CSD-BS,2.2
COMM-BA,0.0,CSD-BS,1.2
UNDECIDED,3.875,CSD-BS,3.917
ENGL-BA,0.0,CSD-BS,2.909
NURS-BS,0.0,CSD-BS,0.75
OSHE-BS,2.471,CSD-BS,2.497
PSYC-BA,3.0,ECED-BS,2.463
ELED-BS,2.735,ECED-BS,2.813
SW-BA,2.323,ECED-BS,2.301
BIOL-BS,2.342,ECED-BS,1.78
ELED-BS,2.846,ECED-BS,2.828
ENGE-BA,1.325,ECED-BS,1.51
ACCT-BS,2.643,ECED-BS,2.415
ELED-BS,3.333,ECED-BS,3.268
SW-BA,0.0,ECED-BS,2.929
ELED-BS,3.071,ECED-BS,3.2
FCS-BS,2.25,ECED-BS,1.826
MSED-BS,2.655,ECED-BS,2.463
CSD-BS,2.909,ECED-BS,2.304
BA-BBA,2.25,ECED-BS,1.667
CSD-BS,2.481,ECED-BS,2.333
ELED-BS,3.488,ECED-BS,3.464
NURS-BS,0.0,ECED-BS,0.0
BA-BBA,2.839,ECED-BS,3.163
NURS-BS,2.455,ECED-BS,2.295
ELED-BS,2.174,ECED-BS,2.286
SW-BA,4.0,ECED-BS,3.804
CSD-BS,3.067,ECED-BS,2.333
UNDECIDED,3.0,ECED-BS,2.765
FCS-BS,1.929,ECED-BS,1.953
FCS-BS,0.0,ECED-BS,3.6
NURS-BS,0.0,ECED-BS,1.818
SW-BA,0.0,ECED-BS,0.545
PSYC-BA,2.0,ECED-BS,2.5
ENGL-BA,0.0,ECED-BS,0.818
ELED-BS,0.0,ECED-BS,3.133
SW-BA,0.0,ECED-BS,2.909
ELED-BS,0.0,ECED-BS,2.818
UNDECIDED,0.0,ECED-BS,3.571
UNDECIDED,0.0,ECED-BS,3.75
ELED-BS,3.0,ECED-BS,3.647
PSYC-BA,0.0,ECED-BS,3.143
ELED-BS,0.0,ECED-BS,3.727
NURS-BS,0.0,ECED-BS,0.455
NURS-BS,2.6,ECED-BS,2.571
NURS-BS,0.0,ECED-BS,1.727
SW-BA,3.0,ECED-BS,1.214
ACCT-BS,2.424,ELED-BS,2.353
NURS-BS,2.702,ELED-BS,2.766
ELSP-BS,3.527,ELED-BS,3.509
ECED-BS,1.955,ELED-BS,2.171
MSED-BS,3.531,ELED-BS,3.481
ECED-BS,3.509,ELED-BS,3.5
CSD-BS,2.955,ELED-BS,2.693
MSED-BS,3.315,ELED-BS,3.412
ACCT-BS,2.548,ELED-BS,2.674
NURS-BS,2.778,ELED-BS,2.567
GENS-BGS,0.0,ELED-BS,3.933
KIN-BS,3.333,ELED-BS,3.097
ENGE-BA,2.75,ELED-BS,2.917
CSD-BS,2.0,ELED-BS,2.696
BIOL-BS,2.889,ELED-BS,2.595
BIOL-BS,2.259,ELED-BS,1.951
NURS-BS,4.0,ELED-BS,4.0
KIN-BS,3.0,ELED-BS,2.909
MSED-BS,1.0,ELED-BS,1.941
UNDECIDED,0.0,ELED-BS,1.182
NURS-BS,0.0,ELED-BS,0.0
ECED-BS,3.5,ELED-BS,3.167
ELED-BS,2.077,ELSP-BS,2.088
ELED-BS,1.861,ELSP-BS,1.733
UNDECIDED,0.0,ELSP-BS,4.0
ELED-BS,3.5,ELSP-BS,3.606
CJ-BA,2.333,ELSP-BS,2.714
NURS-BS,0.0,ELSP-BS,3.077
GENS-BGS,3.595,ELSP-BS,3.694
NURS-BS,0.0,ELSP-BS,1.333
ATHT-BS,0.0,ELSP-BS,3.833
SCMT-BS,2.096,ENGE-BA,2.12
ENGL-BA,2.625,ENGE-BA,2.73
ENTC-BS,2.372,ENGE-BA,2.413
KIN-BS,3.625,ENGE-BA,1.706
BA-BBA,3.0,ENGE-BA,2.833
FCS-BS,2.438,ENGL-BA,2.386
ENGE-BA,3.161,ENGL-BA,3.147
ENGE-BA,2.658,ENGL-BA,2.679
NURS-BS,0.0,ENGL-BA,2.417
ENGE-BA,3.065,ENGL-BA,3.056
BIOL-BS,2.574,ENGL-BA,2.661
GENS-BGS,0.0,ENGL-BA,4.0
BA-BBA,2.136,ENGL-BA,2.113
COMM-BA,0.0,ENGL-BA,3.182
CS-BS,2.257,ENGL-BA,2.073
ENGE-BA,3.464,ENGL-BA,3.341
UNDECIDED,3.2,ENGL-BA,3.133
PSYC-BA,2.588,ENGL-BA,3.063
ENGE-BA,0.0,ENGL-BA,2.909
COMM-BA,2.18,ENGL-BA,1.952
UNDECIDED,0.0,ENGL-BA,3.143
UNDECIDED,0.0,ENGL-BA,3.727
GENS-BGS,1.696,ENTC-BS,1.849
IT-BS,2.175,ENTC-BS,2.058
ART-BA,2.092,ENTC-BS,2.469
CJ-BA,3.049,ENTC-BS,2.585
CJ-BA,2.043,ENTC-BS,1.686
UNDECIDED,3.634,ENTC-BS,3.528
UNDECIDED,3.464,ENTC-BS,3.1
IT-BS,0.0,ENTC-BS,3.5
UNDECIDED,0.0,ENTC-BS,1.875
BIOL-BS,3.0,ENTC-BS,2.0
CS-BS,0.0,ENTC-BS,0.636
CS-BS,0.0,ENTC-BS,3.182
NURS-BS,0.0,ENTC-BS,2.286
SW-BA,1.9,FCS-BS,2.029
GENS-BGS,1.432,FCS-BS,1.415
CSD-BS,2.236,FCS-BS,2.231
CSD-BS,2.627,FCS-BS,2.631
ECED-BS,2.539,FCS-BS,2.5
NURS-BS,3.353,FCS-BS,3.551
GENS-BGS,2.393,FCS-BS,2.25
SW-BA,2.97,FCS-BS,2.92
BIOL-BS,3.389,FCS-BS,3.463
ART-BA,0.0,FCS-BS,4.0
ECED-BS,2.77,FCS-BS,2.84
ECED-BS,2.68,FCS-BS,2.79
PSYC-BA,2.946,FCS-BS,3.0
UNDECIDED,2.483,FCS-BS,2.488
BIOL-BS,3.515,FCS-BS,3.37
ECED-BS,3.538,FCS-BS,3.415
UNDECIDED,2.185,FCS-BS,2.4
ACCT-BS,2.258,FCS-BS,2.258
UNDECIDED,2.06,FCS-BS,2.078
BIOL-BS,3.0,FCS-BS,3.214
ECED-BS,3.886,FCS-BS,3.851
KIN-BS,2.931,FCS-BS,2.789
BA-BBA,3.667,FCS-BS,3.475
COMM-BA,2.741,FCS-BS,3.0
KIN-BS,2.2,FCS-BS,2.209
MUS-BM,3.5,FCS-BS,3.842
SOC-BA,2.308,FCS-BS,2.561
HPE-BS,2.621,FCS-BS,2.372
ELSP-BS,2.479,FCS-BS,2.479
SW-BA,1.5,FCS-BS,2.4
NURS-BS,0.0,FCS-BS,3.308
ACCT-BS,3.014,FIN-BS,3.045
MRKT-BA,4.0,FIN-BS,4.0
BA-BBA,1.792,FIN-BS,1.944
UNDECIDED,3.0,FIN-BS,3.25
UNDECIDED,0.0,FIN-BS,2.286
ENTC-BS,3.0,FIN-BS,3.4
GENS-BGS,2.455,FIN-BS,2.6
ACCT-BS,0.0,FIN-BS,3.182
UNDECIDED,0.0,FIN-BS,2.364
UNDECIDED,3.5,FIN-BS,3.4
ACCT-BS,0.0,FIN-BS,3.6
BA-BBA,0.0,FIN-BS,2.222
BA-BBA,0.0,FIN-BS,3.429
NURS-BS,3.25,FIN-BS,3.208
UNDECIDED,0.0,FIN-BS,3.2
GENS-BGS,4.0,FIN-BS,3.961
PHYS-BS,0.0,FIN-BS,3.167
MGMT-BA,3.903,FIN-BS,3.925
ITEC-BS,2.962,GENS-BGS,2.918
BA-BBA,1.5,GENS-BGS,1.75
KIN-BS,2.969,GENS-BGS,2.94
FCS-BS,2.635,GENS-BGS,2.569
ATHT-BS,2.036,GENS-BGS,2.095
MSED-BS,3.474,GENS-BGS,3.545
PSYC-BA,3.886,GENS-BGS,3.854
BIOL-BS,3.319,GENS-BGS,3.311
SW-BA,2.225,GENS-BGS,2.149
PSYC-BA,2.049,GENS-BGS,2.114
ITEC-BS,3.458,GENS-BGS,3.495
CSD-BS,3.532,GENS-BGS,3.542
MSSP-BS,2.658,GENS-BGS,2.629
ENGE-BA,2.628,GENS-BGS,2.744
FCS-BS,1.933,GENS-BGS,1.985
SST-BA,2.539,GENS-BGS,2.467
SST-BA,1.868,GENS-BGS,2.113
CSD-BS,2.106,GENS-BGS,1.907
KIN-BS,3.55,GENS-BGS,3.568
ELED-BS,3.976,GENS-BGS,3.976
ENGL-BA,2.203,GENS-BGS,2.182
ENGE-BA,1.75,GENS-BGS,1.207
ECED-BS,2.131,GENS-BGS,2.311
ECED-BS,3.18,GENS-BGS,3.188
FCS-BS,2.067,GENS-BGS,2.121
ECED-BS,3.099,GENS-BGS,3.123
COMM-BA,2.724,GENS-BGS,2.692
ART-BA,2.959,GENS-BGS,3.067
MSED-BS,2.211,GENS-BGS,2.16
ECED-BS,3.211,GENS-BGS,3.304
BIOL-BS,1.805,GENS-BGS,1.769
SST-BA,3.557,GENS-BGS,3.476
ATHT-BS,2.753,GENS-BGS,2.72
NURS-BS,2.211,GENS-BGS,2.143
COMM-BA,2.787,GENS-BGS,2.733
UNDECIDED,3.426,GENS-BGS,3.348
BA-BBA,3.105,GENS-BGS,3.125
ITEC-BS,1.63,GENS-BGS,1.633
BA-BBA,2.218,GENS-BGS,2.224
CHEM-BS,3.17,GENS-BGS,3.208
ECED-BS,2.803,GENS-BGS,2.697
ENGE-BA,2.86,GENS-BGS,2.919
MGMT-BA,3.55,GENS-BGS,3.208
KIN-BS,2.184,GENS-BGS,2.09
BIOL-BS,2.862,GENS-BGS,2.881
ART-BA,2.561,GENS-BGS,2.657
BA-BBA,2.833,GENS-BGS,2.767
FCS-BS,2.359,GENS-BGS,2.529
ECED-BS,2.667,GENS-BGS,2.805
HPE-BS,3.152,GENS-BGS,3.104
COMM-BA,2.625,GENS-BGS,2.545
UNDECIDED,0.0,GENS-BGS,2.929
UNDECIDED,3.111,GENS-BGS,2.692
CHEM-BS,0.0,GENS-BGS,3.182
UNDECIDED,2.731,GENS-BGS,3.171
SW-BA,2.566,GENS-BGS,2.629
ELED-BS,3.4,GENS-BGS,3.296
PSYC-BA,3.167,GENS-BGS,3.0
ACCT-BS,3.0,GENS-BGS,3.083
CSD-BS,1.75,GENS-BGS,1.739
CSD-BS,2.125,GENS-BGS,1.308
MGMT-BA,2.5,GENS-BGS,2.468
NURS-BS,2.0,GENS-BGS,1.214
ELED-BS,1.783,GENS-BGS,1.943
BIOL-BS,1.292,GENS-BGS,1.568
ART-BA,1.455,GENS-BGS,0.962
CJ-BA,1.759,GENS-BGS,1.846
ELSP-BS,3.204,GENS-BGS,3.056
UNDECIDED,2.929,GENS-BGS,2.902
OSHE-BS,1.944,GENS-BGS,2.083
UNDECIDED,2.5,GENS-BGS,2.579
UNDECIDED,0.0,GENS-BGS,3.455
PHYS-BS,2.455,GENS-BGS,2.087
COMM-BA,0.0,GENS-BGS,2.1
NURS-BS,0.0,GENS-BGS,2.929
UNDECIDED,0.0,GENS-BGS,3.571
ACCT-BS,3.0,GENS-BGS,3.4
UNDECIDED,2.0,GENS-BGS,1.8
BIOL-BS,0.0,GENS-BGS,2.909
NURS-BS,0.0,GENS-BGS,2.333
UNDECIDED,3.5,GENS-BGS,2.063
ART-BA,0.0,GENS-BGS,4.0
UNDECIDED,0.0,GENS-BGS,2.909
ATHT-BS,2.639,HEDP-BS,2.42
ATHT-BS,2.388,HEDP-BS,2.484
KIN-BS,3.631,HEDP-BS,3.615
ATHT-BS,2.058,HEDP-BS,2.141
NURS-BS,3.505,HEDP-BS,3.366
NURS-BS,2.971,HEDP-BS,3.073
MSED-BS,2.496,HIST-BA,2.426
GENS-BGS,1.681,HIST-BA,1.626
BIOL-BS,1.947,HIST-BA,2.38
GENS-BGS,2.597,HIST-BA,2.662
SST-BA,2.058,HIST-BA,1.988
SST-BA,1.952,HIST-BA,1.908
SST-BA,3.49,HIST-BA,3.519
SST-BA,2.759,HIST-BA,2.848
COMM-BA,2.254,HIST-BA,2.181
SST-BA,3.0,HIST-BA,2.878
SST-BA,2.767,HIST-BA,2.833
SST-BA,2.425,HIST-BA,2.212
SST-BA,3.781,HIST-BA,3.66
ELED-BS,0.0,HIST-BA,3.333
SST-BA,0.0,HIST-BA,4.0
BIOL-BS,3.273,HIST-BA,3.067
POLI-BA,3.519,HIST-BA,3.311
MUS-BM,0.0,HIST-BA,0.182
POLI-BA,4.0,HIST-BA,4.0
BA-BBA,0.0,HIST-BA,2.125
UNDECIDED,3.5,HIST-BA,3.85
UNDECIDED,0.0,HIST-BA,1.429
CS-BS,0.0,HIST-BA,3.455
MATH-BS,3.262,HPE-BS,3.158
KIN-BS,2.903,HPE-BS,2.955
ATHT-BS,2.35,HPE-BS,2.208
ATHT-BS,2.7,HPE-BS,2.625
SPTM-BS,2.452,HPE-BS,2.465
ATHT-BS,1.296,HPE-BS,1.821
SPTM-BS,2.533,HPE-BS,2.488
ATHT-BS,3.036,HPE-BS,3.093
UNDECIDED,2.5,HPE-BS,2.929
UNDECIDED,0.0,HPE-BS,2.909
ATHT-BS,0.0,HPE-BS,2.867
ATHT-BS,0.0,HPE-BS,2.917
NURS-BS,2.865,HSM-BS,2.879
NURS-BS,3.859,HSM-BS,3.662
KIN-BS,2.5,HSM-BS,2.25
NURS-BS,2.788,HSM-BS,2.63
NURS-BS,3.048,HSM-BS,3.16
BA-BBA,2.357,HSM-BS,2.389
KIN-BS,1.529,HSM-BS,1.391
NURS-BS,3.517,HSM-BS,3.386
NURS-BS,1.84,HSM-BS,2.216
BIOL-BS,2.167,HSM-BS,1.4
NURS-BS,2.0,HSM-BS,2.81
SW-BA,2.25,HSM-BS,2.19
KIN-BS,0.0,HSM-BS,3.188
CJ-BA,0.0,HSM-BS,0.909
SW-BA,0.0,HSM-BS,1.909
UNDECIDED,3.375,IT-AAS,3.0
IT-BS,2.432,IT-AAS,2.426
KIN-BS,0.0,IT-AAS,2.636
ECED-BS,3.0,IT-AAS,2.25
UNDECIDED,3.921,IT-AAS,3.887
UNDECIDED,0.0,IT-AAS,3.5
BA-BBA,0.0,IT-AAS,2.571
NURS-BS,3.448,IT-BS,3.171
BIOL-BS,3.119,IT-BS,2.963
BIOL-BS,2.429,IT-BS,2.212
OSHE-BS,2.818,IT-BS,2.478
GENS-BGS,2.6,IT-BS,2.577
ENTC-BS,2.966,IT-BS,2.894
IT-AAS,2.447,IT-BS,2.451
BA-BBA,2.149,IT-BS,2.068
ENTC-BS,3.5,IT-BS,3.1
IT-AAS,2.448,IT-BS,2.711
ITEC-BS,3.714,IT-BS,3.438
IT-AAS,3.367,IT-BS,3.244
NURS-BS,0.0,IT-BS,2.909
UNDECIDED,0.0,IT-BS,1.273
ENTC-BS,0.0,IT-BS,1.5
ENTC-BS,3.5,IT-BS,2.333
NURS-BS,0.0,IT-BS,3.313
UNDECIDED,0.0,IT-BS,2.357
KIN-BS,0.0,IT-BS,3.333
CS-BS,3.0,IT-BS,2.0
BA-BBA,2.115,IT-BS,2.3
KIN-BS,0.0,IT-BS,2.364
CS-BS,2.544,ITEC-BS,2.469
CS-BS,2.244,ITEC-BS,2.245
CS-BS,2.495,ITEC-BS,2.37
CS-BS,3.14,ITEC-BS,2.965
CS-BS,3.071,ITEC-BS,2.667
CS-BS,2.571,ITEC-BS,2.7
UNDECIDED,2.733,ITEC-BS,2.822
CS-BS,2.455,ITEC-BS,2.609
CS-BS,2.719,ITEC-BS,2.979
CS-BS,0.0,ITEC-BS,0.909
CS-BS,2.5,ITEC-BS,1.87
CS-BS,2.267,ITEC-BS,2.111
CS-BS,1.5,ITEC-BS,1.3
CS-BS,2.957,ITEC-BS,2.8
CS-BS,0.0,ITEC-BS,1.75
ATHT-BS,2.557,KIN-BS,2.592
ATHT-BS,2.771,KIN-BS,2.755
HPE-BS,3.079,KIN-BS,3.077
CSD-BS,3.333,KIN-BS,3.383
NURS-BS,2.959,KIN-BS,3.091
HEDP-BS,1.536,KIN-BS,1.6
ATHT-BS,2.83,KIN-BS,2.79
NURS-BS,2.038,KIN-BS,1.938
ATHT-BS,2.964,KIN-BS,2.841
ATHT-BS,3.03,KIN-BS,3.083
HPE-BS,2.676,KIN-BS,2.793
BIOL-BS,3.934,KIN-BS,3.948
NURS-BS,2.4,KIN-BS,2.0
ATHT-BS,2.951,KIN-BS,2.877
NURS-BS,3.245,KIN-BS,2.892
NURS-BS,2.855,KIN-BS,2.899
BIOL-BS,3.5,KIN-BS,3.327
ATHT-BS,2.238,KIN-BS,2.424
ELSP-BS,2.613,KIN-BS,2.093
ATHT-BS,2.455,KIN-BS,2.625
BIOL-BS,3.033,KIN-BS,2.818
SPTM-BS,3.714,KIN-BS,3.6
NURS-BS,1.296,KIN-BS,1.9
MGMT-BA,3.9,KIN-BS,3.933
ATHT-BS,2.667,KIN-BS,2.861
CJ-BA,2.0,KIN-BS,2.05
ECED-BS,2.542,KIN-BS,2.194
UNDECIDED,0.0,KIN-BS,3.455
NURS-BS,2.2,KIN-BS,1.706
ATHT-BS,3.07,KIN-BS,3.06
NURS-BS,1.69,KIN-BS,1.721
UNDECIDED,3.25,KIN-BS,3.267
IT-AAS,2.121,KIN-BS,1.896
ATHT-BS,3.125,KIN-BS,3.156
GENS-BGS,2.571,KIN-BS,2.65
NURS-BS,4.0,KIN-BS,3.143
NURS-BS,0.0,KIN-BS,3.533
ATHT-BS,0.0,KIN-BS,2.286
NURS-BS,0.0,KIN-BS,0.818
NURS-BS,3.018,KIN-BS,3.09
BA-BBA,0.0,KIN-BS,1.778
UNDECIDED,0.0,KIN-BS,3.133
NURS-BS,0.0,KIN-BS,1.0
ELED-BS,0.0,KIN-BS,1.75
UNDECIDED,0.0,KIN-BS,3.455
GENS-BGS,3.759,KIN-BS,3.723
GENS-BGS,0.0,KIN-BS,1.909
UNDECIDED,2.5,KIN-BS,3.143
UNDECIDED,3.5,KIN-BS,3.423
NURS-BS,3.0,KIN-BS,3.625
ACCT-BS,0.0,KIN-BS,4.0
MRKT-BA,1.882,KIN-BS,2.047
ATHT-BS,0.0,KIN-BS,1.727
NURS-BS,4.0,KIN-BS,4.0
PSYC-BA,0.0,KIN-BS,1.0
UNDECIDED,1.8,KIN-BS,2.206
BIOL-BS,3.087,MATH-BS,3.078
ACCT-BS,3.721,MATH-BS,3.684
FIN-BS,3.0,MATH-BS,2.786
BIOL-BS,0.0,MATH-BS,2.867
CS-BS,2.025,MGMT-BA,1.979
BA-BBA,1.333,MGMT-BA,1.389
FCS-BS,2.712,MGMT-BA,2.735
BA-BBA,2.2,MGMT-BA,2.333
ACCT-BS,2.375,MGMT-BA,2.264
ACCT-BS,2.147,MGMT-BA,2.194
ACCT-BS,2.213,MGMT-BA,2.248
BA-BBA,2.564,MGMT-BA,2.642
BA-BBA,2.325,MGMT-BA,2.48
SPTM-BS,2.444,MGMT-BA,2.453
UNDECIDED,1.308,MGMT-BA,1.577
BA-BBA,3.242,MGMT-BA,3.283
BA-BBA,3.19,MGMT-BA,3.24
MRKT-BA,2.5,MGMT-BA,2.52
ATHT-BS,1.07,MGMT-BA,1.164
MRKT-BA,2.72,MGMT-BA,2.767
ACCT-BS,2.214,MGMT-BA,2.221
BA-BBA,2.0,MGMT-BA,2.048
GENS-BGS,2.19,MGMT-BA,2.286
ACCT-BS,2.939,MGMT-BA,2.833
ACCT-BS,2.333,MGMT-BA,2.571
CS-BS,2.0,MGMT-BA,2.522
HSM-BS,2.35,MGMT-BA,2.0
ENGE-BA,2.263,MGMT-BA,2.091
GENS-BGS,2.5,MGMT-BA,3.118
ACCT-BS,2.78,MGMT-BA,2.69
UNDECIDED,2.8,MGMT-BA,2.959
FCS-BS,2.263,MGMT-BA,2.415
MRKT-BA,2.471,MGMT-BA,2.409
MRKT-BA,2.407,MGMT-BA,2.623
ENTC-BS,2.262,MGMT-BA,1.979
NURS-BS,2.767,MGMT-BA,2.744
KIN-BS,0.0,MGMT-BA,2.25
BA-BBA,3.667,MGMT-BA,3.739
FIN-BS,2.178,MGMT-BA,2.191
BA-BBA,2.0,MGMT-BA,0.952
NURS-BS,0.0,MGMT-BA,2.733
ENTC-BS,4.0,MGMT-BA,3.2
BA-BBA,3.688,MGMT-BA,3.55
BA-BBA,2.5,MGMT-BA,2.295
HPE-BS,2.438,MGMT-BA,2.567
SST-BA,3.719,MGMT-BA,3.795
GENS-BGS,0.0,MGMT-BA,4.0
UNDECIDED,0.0,MGMT-BA,0.571
BIOL-BS,0.0,MGMT-BA,1.818
GENS-BGS,3.423,MGMT-BA,3.154
GENS-BGS,2.758,MGMT-BA,2.658
UNDECIDED,0.0,MGMT-BA,2.091
UNDECIDED,0.0,MGMT-BA,2.909
ENGL-BA,3.0,MGMT-BA,2.714
GENS-BGS,0.0,MGMT-BA,2.286
ENTC-BS,2.273,MGMT-BA,2.133
ENTC-BS,2.925,MGMT-BA,3.0
BA-BBA,0.0,MGMT-BA,3.2
UNDECIDED,0.0,MGMT-BA,2.929
UNDECIDED,0.0,MGMT-BA,3.667
UNDECIDED,3.5,MGMT-BA,3.4
ENTC-BS,0.0,MGMT-BA,0.25
GENS-BGS,0.0,MGMT-BA,2.071
BA-BBA,0.0,MGMT-BA,2.75
NURS-BS,0.0,MGMT-BA,1.091
BA-BBA,4.0,MGMT-BA,2.444
UNDECIDED,2.375,MGMT-BA,2.786
BA-BBA,0.0,MGMT-BA,2.273
GENS-BGS,0.0,MGMT-BA,2.727
ENTC-BS,3.365,MGMT-BA,3.156
BA-BBA,2.861,MRKT-BA,2.774
UNDECIDED,1.3,MRKT-BA,1.84
GENS-BGS,2.263,MRKT-BA,2.385
BA-BBA,2.239,MRKT-BA,2.372
GENS-BGS,3.164,MRKT-BA,3.316
FCS-BS,2.855,MRKT-BA,2.871
MGMT-BA,2.945,MRKT-BA,2.906
MGMT-BA,2.275,MRKT-BA,2.439
OSHE-BS,2.205,MRKT-BA,2.184
ART-BA,2.559,MRKT-BA,2.543
COMM-BA,2.032,MRKT-BA,1.634
ACCT-BS,3.364,MRKT-BA,3.313
MGMT-BA,2.969,MRKT-BA,2.8
ART-BA,0.0,MRKT-BA,1.5
FIN-BS,3.615,MRKT-BA,3.556
ACCT-BS,3.8,MRKT-BA,3.769
NURS-BS,0.0,MRKT-BA,2.267
UNDECIDED,0.0,MRKT-BA,3.571
ART-BA,3.464,MRKT-BA,3.432
UNDECIDED,3.4,MRKT-BA,3.483
NURS-BS,0.0,MRKT-BA,2.25
IT-AAS,2.875,MRKT-BA,2.75
MGMT-BA,3.0,MRKT-BA,3.0
UNDECIDED,0.0,MRKT-BA,2.417
UNDECIDED,2.333,MRKT-BA,2.308
BA-BBA,0.0,MRKT-BA,4.0
COMM-BA,0.0,MRKT-BA,3.7
BA-BBA,2.0,MRKT-BA,2.4
BA-BBA,0.0,MRKT-BA,0.444
ART-BA,3.417,MRKT-BA,3.37
ENTC-BS,0.0,MRKT-BA,3.357
BA-BBA,0.0,MRKT-BA,2.5
CJ-BA,0.0,MRKT-BA,2.625
BA-BBA,0.0,MRKT-BA,2.364
BA-BBA,0.0,MRKT-BA,3.357
BA-BBA,3.0,MRKT-BA,2.857
BA-BBA,0.0,MRKT-BA,3.571
UNDECIDED,0.0,MRKT-BA,3.786
BA-BBA,2.909,MRKT-BA,2.667
NURS-BS,3.548,MSED-BS,3.457
ELED-BS,3.39,MSED-BS,3.377
ECED-BS,3.4,MSED-BS,3.449
ECED-BS,2.346,MSED-BS,2.553
MATH-BS,2.767,MSED-BS,2.886
GENS-BGS,2.571,MSED-BS,2.32
MSSP-BS,0.0,MSED-BS,2.533
ACCT-BS,4.0,MSED-BS,3.375
ELED-BS,0.0,MSED-BS,2.357
ATHT-BS,0.0,MSED-BS,2.125
MSED-BS,3.0,MSSP-BS,3.0
MSED-BS,2.536,MSSP-BS,2.662
MSED-BS,3.721,MSSP-BS,3.793
ECED-BS,1.931,MSSP-BS,2.184
ELSP-BS,0.0,MSSP-BS,4.0
UNDECIDED,0.0,MUS-BM,0.944
ATHT-BS,0.0,MUS-BM,0.357
NURS-BS,3.078,NURS-BSN,3.124
NURS-BS,3.082,NURS-BSN,3.048
NURS-BS,2.982,NURS-BSN,2.991
NURS-BS,2.628,NURS-BSN,2.645
NURS-BS,2.989,NURS-BSN,3.004
NURS-BS,3.615,NURS-BSN,3.643
NURS-BS,2.982,NURS-BSN,2.983
NURS-BS,3.342,NURS-BSN,3.342
NURS-BS,2.946,NURS-BSN,2.956
NURS-BS,2.987,NURS-BSN,3.056
NURS-BS,2.572,NURS-BSN,2.606
NURS-BS,2.562,NURS-BSN,2.171
NURS-BS,3.048,NURS-BSN,3.066
NURS-BS,2.198,NURS-BSN,2.213
NURS-BS,2.924,NURS-BSN,2.894
NURS-BS,3.853,NURS-BSN,3.83
NURS-BS,3.629,NURS-BSN,3.654
NURS-BS,1.529,NURS-BSN,1.529
NURS-BS,3.71,NURS-BSN,3.712
NURS-BS,2.459,NURS-BSN,2.521
NURS-BS,2.67,NURS-BSN,2.653
NURS-BS,3.033,NURS-BSN,3.033
NURS-BS,3.226,NURS-BSN,3.206
NURS-BS,3.653,NURS-BSN,3.621
NURS-BS,2.912,NURS-BSN,2.963
NURS-BS,2.918,NURS-BSN,2.922
NURS-BS,3.06,NURS-BSN,3.059
NURS-BS,2.254,NURS-BSN,2.252
NURS-BS,2.819,NURS-BSN,2.842
NURS-BS,3.532,NURS-BSN,3.545
NURS-BS,3.153,NURS-BSN,3.174
NURS-BS,1.811,NURS-BSN,1.34
NURS-BS,2.806,NURS-BSN,2.81
NURS-BS,2.627,NURS-BSN,2.663
NURS-BS,2.807,NURS-BSN,2.848
NURS-BS,0.0,NURS-BSN,3.333
NURS-BS,3.403,NURS-BSN,3.403
NURS-BS,3.625,NURS-BSN,3.467
NURS-BS,3.055,NURS-BSN,2.984
NURS-BS,3.393,NURS-BSN,3.406
NURS-BS,2.903,NURS-BSN,2.89
NURS-BS,3.121,NURS-BSN,3.172
NURS-BS,3.461,NURS-BSN,3.479
NURS-BS,3.106,NURS-BSN,3.131
NURS-BS,3.141,NURS-BSN,3.052
NURS-BS,3.575,NURS-BSN,3.596
NURS-BS,0.0,NURS-BSN,0.0
NURS-BS,3.785,NURS-BSN,3.789
NURS-BS,3.642,NURS-BSN,3.642
NURS-BS,2.957,NURS-BSN,3.019
NURS-BS,3.417,NURS-BSN,3.479
NURS-BS,2.372,NURS-BSN,2.479
NURS-BS,3.454,NURS-BSN,3.35
NURS-BS,2.061,NURS-BSN,2.071
NURS-BS,3.438,NURS-BSN,3.5
NURS-BS,3.459,NURS-BSN,3.403
NURS-BS,2.277,NURS-BSN,2.053
NURS-BS,2.972,NURS-BSN,3.016
NURS-BS,3.559,NURS-BSN,3.556
NURS-BS,3.413,NURS-BSN,3.438
NURS-BS,3.143,NURS-BSN,3.17
NURS-BS,3.459,NURS-BSN,3.477
NURS-BS,2.768,NURS-BSN,2.775
NURS-BS,3.356,NURS-BSN,3.326
NURS-BS,3.4,NURS-BSN,3.36
NURS-BS,3.507,NURS-BSN,3.458
NURS-BS,3.0,NURS-BSN,2.97
NURS-BS,3.225,NURS-BSN,3.264
NURS-BS,3.75,NURS-BSN,3.733
NURS-BS,0.0,NURS-BSN,3.0
NURS-BS,3.039,NURS-BSN,3.018
NURS-BS,2.49,NURS-BSN,2.462
NURS-BS,3.419,NURS-BSN,3.453
NURS-BS,2.872,NURS-BSN,2.903
NURS-BS,1.986,NURS-BSN,2.041
NURS-BS,3.483,NURS-BSN,3.343
NURS-BS,2.801,NURS-BSN,2.79
NURS-BS,3.426,NURS-BSN,3.359
NURS-BS,3.204,NURS-BSN,3.194
NURS-BS,3.186,NURS-BSN,3.203
NURS-BS,2.634,NURS-BSN,2.69
NURS-BS,3.02,NURS-BSN,2.962
NURS-BS,3.96,NURS-BSN,3.957
NURS-BS,3.297,NURS-BSN,3.324
KIN-BS,3.327,NURS-BSN,3.363
NURS-BS,3.256,NURS-BSN,3.184
NURS-BS,3.507,NURS-BSN,3.524
NURS-BS,2.464,NURS-BSN,2.47
NURS-BS,3.313,NURS-BSN,3.286
NURS-BS,3.816,NURS-BSN,3.651
NURS-BS,1.912,NURS-BSN,1.851
NURS-BS,3.751,NURS-BSN,3.751
NURS-BS,3.5,NURS-BSN,3.513
NURS-BS,3.812,NURS-BSN,3.822
NURS-BS,3.085,NURS-BSN,3.079
NURS-BS,2.365,NURS-BSN,2.429
NURS-BS,2.967,NURS-BSN,2.968
NURS-BS,2.283,NURS-BSN,2.29
NURS-BS,3.098,NURS-BSN,3.153
NURS-BS,3.956,NURS-BSN,3.959
NURS-BS,3.403,NURS-BSN,3.415
NURS-BS,3.488,NURS-BSN,3.5
NURS-BS,2.678,NURS-BSN,2.705
NURS-BS,3.529,NURS-BSN,3.527
NURS-BS,1.053,NURS-BSN,0.976
NURS-BS,3.577,NURS-BSN,3.587
NURS-BS,3.254,NURS-BSN,3.162
NURS-BS,2.38,NURS-BSN,2.427
NURS-BS,3.675,NURS-BSN,3.526
NURS-BS,3.383,NURS-BSN,3.422
NURS-BS,3.778,NURS-BSN,3.45
NURS-BS,3.265,NURS-BSN,3.213
NURS-BS,2.333,NURS-BSN,2.472
NURS-BS,3.522,NURS-BSN,3.48
NURS-BS,3.4,NURS-BSN,3.381
NURS-BS,3.578,NURS-BSN,3.518
NURS-BS,2.941,NURS-BSN,2.679
NURS-BS,2.313,NURS-BSN,2.214
NURS-BS,2.631,NURS-BSN,2.631
NURS-BS,3.912,NURS-BSN,3.916
NURS-BS,2.709,NURS-BSN,2.709
NURS-BS,3.385,NURS-BSN,3.406
NURS-BS,3.468,NURS-BSN,3.468
NURS-BS,3.615,NURS-BSN,3.512
NURS-BS,2.106,NURS-BSN,2.109
NURS-BS,2.298,NURS-BSN,2.25
NURS-BS,2.791,NURS-BSN,2.803
NURS-BS,3.075,NURS-BSN,3.076
NURS-BS,3.27,NURS-BSN,3.304
NURS-BS,2.319,NURS-BSN,2.353
NURS-BS,3.817,NURS-BSN,3.778
NURS-BS,2.904,NURS-BSN,2.904
NURS-BS,3.164,NURS-BSN,3.189
NURS-BS,3.09,NURS-BSN,3.158
NURS-BS,3.578,NURS-BSN,3.532
NURS-BS,1.839,NURS-BSN,1.727
NURS-BS,3.331,NURS-BSN,3.356
NURS-BS,3.165,NURS-BSN,3.144
GENS-BGS,3.523,NURS-BSN,3.53
NURS-BS,3.374,NURS-BSN,3.391
NURS-BS,0.0,NURS-BSN,0.0
NURS-BS,2.148,NURS-BSN,2.346
NURS-BS,2.536,NURS-BSN,2.683
NURS-BS,2.967,NURS-BSN,2.977
NURS-BS,2.817,NURS-BSN,2.791
NURS-BS,3.445,NURS-BSN,3.46
NURS-BS,1.5,NURS-BSN,1.286
NURS-BS,3.282,NURS-BSN,3.287
NURS-BS,3.175,NURS-BSN,3.117
NURS-BS,3.034,NURS-BSN,3.099
NURS-BS,3.343,NURS-BSN,3.328
NURS-BS,3.586,NURS-BSN,3.551
NURS-BS,3.259,NURS-BSN,3.15
NURS-BS,3.235,NURS-BSN,3.186
NURS-BS,3.19,NURS-BSN,3.167
NURS-BS,2.224,NURS-BSN,2.113
NURS-BS,3.269,NURS-BSN,3.278
NURS-BS,3.54,NURS-BSN,3.459
NURS-BS,3.921,NURS-BSN,3.885
NURS-BS,0.0,NURS-BSN,2.75
NURS-BS,1.545,NURS-BSN,0.85
NURS-BS,3.0,NURS-BSN,2.958
NURS-BS,2.33,NURS-BSN,2.33
NURS-BS,3.273,NURS-BSN,3.278
NURS-BS,2.917,NURS-BSN,2.964
NURS-BS,2.75,NURS-BSN,2.805
NURS-BS,3.307,NURS-BSN,3.31
NURS-BS,3.404,NURS-BSN,3.426
NURS-BS,3.537,NURS-BSN,3.542
NURS-BS,2.386,NURS-BSN,2.324
NURS-BS,3.27,NURS-BSN,3.239
NURS-BS,3.524,NURS-BSN,3.538
NURS-BS,2.991,NURS-BSN,2.967
NURS-BS,3.476,NURS-BSN,3.5
NURS-BS,3.228,NURS-BSN,3.268
NURS-BS,3.592,NURS-BSN,3.568
NURS-BS,3.26,NURS-BSN,3.286
NURS-BS,2.578,NURS-BSN,2.642
NURS-BS,3.048,NURS-BSN,3.067
NURS-BS,3.265,NURS-BSN,3.303
NURS-BS,2.898,NURS-BSN,2.911
NURS-BS,1.695,NURS-BSN,1.695
NURS-BS,3.381,NURS-BSN,3.417
NURS-BS,3.4,NURS-BSN,3.369
NURS-BS,2.42,NURS-BSN,2.45
NURS-BS,3.246,NURS-BSN,3.238
NURS-BS,3.442,NURS-BSN,3.417
NURS-BS,1.5,NURS-BSN,1.2
NURS-BS,3.61,NURS-BSN,3.62
NURS-BS,3.487,NURS-BSN,3.368
NURS-BS,3.413,NURS-BSN,3.371
NURS-BS,3.195,NURS-BSN,3.02
NURS-BS,3.547,NURS-BSN,3.481
NURS-BS,3.447,NURS-BSN,3.487
NURS-BS,3.467,NURS-BSN,3.415
NURS-BS,3.224,NURS-BSN,3.24
NURS-BS,3.565,NURS-BSN,3.549
NURS-BS,3.287,NURS-BSN,3.317
NURS-BS,3.633,NURS-BSN,3.617
NURS-BS,3.955,NURS-BSN,3.902
NURS-BS,3.438,NURS-BSN,3.478
NURS-BS,3.616,NURS-BSN,3.605
NURS-BS,3.851,NURS-BSN,3.848
NURS-BS,3.453,NURS-BSN,3.373
NURS-BS,3.5,NURS-BSN,3.299
NURS-BS,3.775,NURS-BSN,3.7
NURS-BS,3.511,NURS-BSN,3.563
NURS-BS,3.613,NURS-BSN,3.577
NURS-BS,3.696,NURS-BSN,3.726
NURS-BS,3.358,NURS-BSN,3.28
NURS-BS,3.359,NURS-BSN,3.368
NURS-BS,3.814,NURS-BSN,3.791
NURS-BS,3.718,NURS-BSN,3.704
NURS-BS,3.551,NURS-BSN,3.545
NURS-BS,3.674,NURS-BSN,3.624
NURS-BS,3.699,NURS-BSN,3.676
NURS-BS,3.556,NURS-BSN,3.566
BIOL-BS,3.099,NURS-BSN,3.123
NURS-BS,3.44,NURS-BSN,3.422
NURS-BS,2.969,NURS-BSN,2.993
NURS-BS,3.353,NURS-BSN,3.326
NURS-BS,3.106,NURS-BSN,3.119
NURS-BS,3.814,NURS-BSN,3.804
HIST-BA,3.1,NURS-BSN,3.379
NURS-BS,3.449,NURS-BSN,3.449
NURS-BS,3.918,NURS-BSN,3.927
NURS-BS,3.526,NURS-BSN,3.548
NURS-BS,3.417,NURS-BSN,3.571
NURS-BS,3.622,NURS-BSN,3.488
NURS-BS,2.458,NURS-BSN,2.512
NURS-BS,3.583,NURS-BSN,3.6
NURS-BS,3.452,NURS-BSN,3.343
NURS-BS,3.581,NURS-BSN,3.533
NURS-BS,3.418,NURS-BSN,3.35
NURS-BS,3.783,NURS-BSN,3.774
NURS-BS,3.855,NURS-BSN,3.844
NURS-BS,0.0,NURS-BSN,2.5
NURS-BS,3.641,NURS-BSN,3.632
NURS-BS,3.474,NURS-BSN,3.386
NURS-BS,3.628,NURS-BSN,3.598
NURS-BS,3.7,NURS-BSN,3.673
NURS-BS,3.32,NURS-BSN,3.365
NURS-BS,3.674,NURS-BSN,3.66
NURS-BS,3.632,NURS-BSN,3.475
NURS-BS,2.782,NURS-BSN,2.83
NURS-BS,3.423,NURS-BSN,3.333
NURS-BS,3.474,NURS-BSN,3.431
NURS-BS,3.5,NURS-BSN,3.478
NURS-BS,3.239,NURS-BSN,3.202
NURS-BS,3.596,NURS-BSN,3.583
NURS-BS,3.651,NURS-BSN,3.61
NURS-BS,3.695,NURS-BSN,3.66
NURS-BS,3.433,NURS-BSN,3.457
NURS-BS,3.462,NURS-BSN,3.462
NURS-BS,3.547,NURS-BSN,3.567
NURS-BS,3.597,NURS-BSN,3.517
NURS-BS,3.636,NURS-BSN,3.596
NURS-BS,3.539,NURS-BSN,3.563
NURS-BS,2.034,NURS-BSN,2.114
NURS-BS,3.598,NURS-BSN,3.561
NURS-BS,3.17,NURS-BSN,3.144
NURS-BS,3.645,NURS-BSN,3.58
NURS-BS,3.506,NURS-BSN,3.505
NURS-BS,3.38,NURS-BSN,3.351
NURS-BS,3.5,NURS-BSN,3.525
NURS-BS,3.302,NURS-BSN,3.347
NURS-BS,3.298,NURS-BSN,3.24
NURS-BS,3.442,NURS-BSN,3.391
NURS-BS,3.365,NURS-BSN,3.299
NURS-BS,3.628,NURS-BSN,3.51
NURS-BS,3.257,NURS-BSN,3.149
NURS-BS,3.294,NURS-BSN,3.282
NURS-BS,3.364,NURS-BSN,3.387
NURS-BS,3.561,NURS-BSN,3.574
NURS-BS,3.363,NURS-BSN,3.272
NURS-BS,3.869,NURS-BSN,3.885
NURS-BS,3.213,NURS-BSN,3.049
NURS-BS,3.235,NURS-BSN,3.262
NURS-BS,2.99,NURS-BSN,3.0
NURS-BS,3.412,NURS-BSN,3.406
NURS-BS,3.6,NURS-BSN,3.607
NURS-BS,3.394,NURS-BSN,3.4
NURS-BS,3.52,NURS-BSN,3.513
NURS-BS,3.754,NURS-BSN,3.698
NURS-BS,3.474,NURS-BSN,3.411
NURS-BS,3.485,NURS-BSN,3.496
NURS-BS,3.274,NURS-BSN,3.246
NURS-BS,3.876,NURS-BSN,3.889
NURS-BS,3.106,NURS-BSN,3.171
NURS-BS,3.616,NURS-BSN,3.627
NURS-BS,3.5,NURS-BSN,3.5
NURS-BS,3.539,NURS-BSN,3.563
NURS-BS,3.846,NURS-BSN,3.81
NURS-BS,3.211,NURS-BSN,3.375
NURS-BS,3.25,NURS-BSN,3.275
NURS-BS,3.563,NURS-BSN,3.475
NURS-BS,3.494,NURS-BSN,3.388
NURS-BS,3.289,NURS-BSN,3.279
NURS-BS,3.436,NURS-BSN,3.46
NURS-BS,3.263,NURS-BSN,3.462
NURS-BS,3.466,NURS-BSN,3.488
NURS-BS,3.62,NURS-BSN,3.519
NURS-BS,2.07,NURS-BSN,2.064
NURS-BS,1.754,NURS-BSN,1.557
NURS-BS,3.223,NURS-BSN,3.047
NURS-BS,3.831,NURS-BSN,3.738
NURS-BS,1.833,NURS-BSN,1.5
NURS-BS,3.884,NURS-BSN,3.841
NURS-BS,3.286,NURS-BSN,3.09
NURS-BS,3.859,NURS-BSN,3.846
NURS-BS,3.065,NURS-BSN,3.05
NURS-BS,2.95,NURS-BSN,2.912
NURS-BS,2.896,NURS-BSN,2.593
NURS-BS,3.769,NURS-BSN,3.588
NURS-BS,3.859,NURS-BSN,3.849
NURS-BS,3.477,NURS-BSN,3.364
NURS-BS,3.513,NURS-BSN,3.456
NURS-BS,3.427,NURS-BSN,3.418
NURS-BS,3.746,NURS-BSN,3.571
NURS-BS,3.695,NURS-BSN,3.698
NURS-BS,3.205,NURS-BSN,3.032
NURS-BS,3.5,NURS-BSN,3.438
NURS-BS,3.211,NURS-BSN,3.257
NURS-BS,3.278,NURS-BSN,3.178
NURS-BS,3.926,NURS-BSN,3.935
NURS-BS,3.596,NURS-BSN,3.563
NURS-BS,3.559,NURS-BSN,3.552
NURS-BS,3.505,NURS-BSN,3.514
NURS-BS,3.794,NURS-BSN,3.79
NURS-BS,3.324,NURS-BSN,3.451
NURS-BS,2.969,NURS-BSN,2.975
NURS-BS,3.778,NURS-BSN,3.747
NURS-BS,3.349,NURS-BSN,3.296
NURS-BS,3.903,NURS-BSN,3.933
NURS-BS,3.317,NURS-BSN,3.311
NURS-BS,3.747,NURS-BSN,3.762
NURS-BS,3.474,NURS-BSN,3.386
NURS-BS,3.492,NURS-BSN,3.377
NURS-BS,3.541,NURS-BSN,3.477
NURS-BS,3.596,NURS-BSN,3.525
NURS-BS,3.412,NURS-BSN,3.469
NURS-BS,3.787,NURS-BSN,3.747
NURS-BS,3.643,NURS-BSN,3.688
NURS-BS,3.659,NURS-BSN,3.412
NURS-BS,3.157,NURS-BSN,3.195
NURS-BS,3.492,NURS-BSN,3.487
NURS-BS,3.46,NURS-BSN,3.449
NURS-BS,3.716,NURS-BSN,3.63
NURS-BS,3.032,NURS-BSN,2.97
NURS-BS,3.395,NURS-BSN,3.388
NURS-BS,3.495,NURS-BSN,3.504
NURS-BS,3.86,NURS-BSN,3.856
NURS-BS,2.138,NURS-BSN,2.117
NURS-BS,2.43,NURS-BSN,2.34
NURS-BS,3.325,NURS-BSN,3.236
NURS-BS,3.62,NURS-BSN,3.512
NURS-BS,3.565,NURS-BSN,3.545
NURS-BS,3.444,NURS-BSN,3.475
NURS-BS,2.867,NURS-BSN,2.867
NURS-BS,3.019,NURS-BSN,3.259
NURS-BS,3.824,NURS-BSN,3.818
NURS-BS,3.315,NURS-BSN,3.315
NURS-BS,3.605,NURS-BSN,3.505
NURS-BS,3.164,NURS-BSN,3.198
NURS-BS,3.649,NURS-BSN,3.642
NURS-BS,3.024,NURS-BSN,3.036
NURS-BS,3.513,NURS-BSN,3.524
NURS-BS,3.636,NURS-BSN,3.527
NURS-BS,2.896,NURS-BSN,3.037
NURS-BS,3.429,NURS-BSN,3.432
NURS-BS,3.455,NURS-BSN,3.26
NURS-BS,3.524,NURS-BSN,3.519
NURS-BS,3.765,NURS-BSN,3.713
NURS-BS,3.603,NURS-BSN,3.554
NURS-BS,3.394,NURS-BSN,3.386
NURS-BS,3.765,NURS-BSN,3.688
NURS-BS,1.357,NURS-BSN,1.239
NURS-BS,3.526,NURS-BSN,3.422
NURS-BS,3.483,NURS-BSN,3.386
NURS-BS,3.695,NURS-BSN,3.726
NURS-BS,3.676,NURS-BSN,3.518
NURS-BS,3.85,NURS-BSN,3.783
NURS-BS,3.508,NURS-BSN,3.423
NURS-BS,3.337,NURS-BSN,3.336
NURS-BS,3.853,NURS-BSN,3.84
NURS-BS,3.083,NURS-BSN,2.94
NURS-BS,3.581,NURS-BSN,3.512
NURS-BS,2.919,NURS-BSN,2.813
NURS-BS,2.863,NURS-BSN,2.874
NURS-BS,2.792,NURS-BSN,2.778
NURS-BS,2.343,NURS-BSN,2.574
NURS-BS,3.753,NURS-BSN,3.75
NURS-BS,3.926,NURS-BSN,3.904
NURS-BS,3.833,NURS-BSN,3.86
NURS-BS,3.556,NURS-BSN,3.419
NURS-BS,3.833,NURS-BSN,3.813
NURS-BS,3.785,NURS-BSN,3.813
NURS-BS,3.431,NURS-BSN,3.208
NURS-BS,3.916,NURS-BSN,3.884
NURS-BS,3.774,NURS-BSN,3.766
NURS-BS,3.466,NURS-BSN,3.362
NURS-BS,3.638,NURS-BSN,3.623
NURS-BS,2.364,NURS-BSN,2.385
NURS-BS,3.93,NURS-BSN,3.904
NURS-BS,3.847,NURS-BSN,3.765
NURS-BS,1.722,NURS-BSN,1.804
NURS-BS,3.108,NURS-BSN,3.063
NURS-BS,3.939,NURS-BSN,3.952
NURS-BS,3.802,NURS-BSN,3.786
NURS-BS,3.188,NURS-BSN,3.075
NURS-BS,3.396,NURS-BSN,3.219
NURS-BS,2.024,NURS-BSN,2.01
NURS-BS,1.318,NURS-BSN,1.655
NURS-BS,3.702,NURS-BSN,3.701
NURS-BS,3.452,NURS-BSN,3.5
NURS-BS,3.279,NURS-BSN,3.324
NURS-BS,3.803,NURS-BSN,3.707
NURS-BS,2.271,NURS-BSN,2.257
NURS-BS,3.442,NURS-BSN,3.413
NURS-BS,2.833,NURS-BSN,2.703
NURS-BS,3.597,NURS-BSN,3.512
NURS-BS,3.414,NURS-BSN,3.358
NURS-BS,3.983,NURS-BSN,3.865
NURS-BS,3.345,NURS-BSN,3.25
NURS-BS,3.849,NURS-BSN,3.847
NURS-BS,2.95,NURS-BSN,2.86
NURS-BS,2.012,NURS-BSN,1.937
NURS-BS,3.5,NURS-BSN,3.456
NURS-BS,3.382,NURS-BSN,3.329
NURS-BS,3.171,NURS-BSN,3.179
NURS-BS,3.466,NURS-BSN,3.217
NURS-BS,3.656,NURS-BSN,3.556
NURS-BS,3.639,NURS-BSN,3.472
NURS-BS,3.69,NURS-BSN,3.571
NURS-BS,3.229,NURS-BSN,3.2
NURS-BS,2.545,NURS-BSN,2.659
NURS-BS,3.738,NURS-BSN,3.587
NURS-BS,3.727,NURS-BSN,3.78
NURS-BS,3.615,NURS-BSN,3.487
NURS-BS,3.07,NURS-BSN,2.94
NURS-BS,3.798,NURS-BSN,3.74
NURS-BS,2.725,NURS-BSN,2.646
NURS-BS,3.954,NURS-BSN,3.925
NURS-BS,2.268,NURS-BSN,2.216
NURS-BS,3.979,NURS-BSN,3.919
NURS-BS,2.278,NURS-BSN,2.278
NURS-BS,3.91,NURS-BSN,3.91
NURS-BS,3.581,NURS-BSN,3.474
NURS-BS,3.688,NURS-BSN,3.597
NURS-BS,3.737,NURS-BSN,3.647
NURS-BS,3.743,NURS-BSN,3.64
NURS-BS,2.75,NURS-BSN,2.902
NURS-BS,3.321,NURS-BSN,3.271
NURS-BS,2.081,NURS-BSN,2.18
NURS-BS,3.014,NURS-BSN,3.093
NURS-BS,3.407,NURS-BSN,3.507
NURS-BS,3.603,NURS-BSN,3.463
NURS-BS,3.806,NURS-BSN,3.584
NURS-BS,3.392,NURS-BSN,3.438
NURS-BS,3.267,NURS-BSN,3.395
NURS-BS,3.242,NURS-BSN,3.152
NURS-BS,3.5,NURS-BSN,3.308
NURS-BS,3.677,NURS-BSN,3.494
NURS-BS,3.972,NURS-BSN,3.975
NURS-BS,3.486,NURS-BSN,3.49
NURS-BS,0.0,NURS-BSN,3.0
NURS-BS,3.54,NURS-BSN,3.597
NURS-BS,2.875,NURS-BSN,2.976
NURS-BS,3.094,NURS-BSN,3.063
NURS-BS,1.972,NURS-BSN,2.061
NURS-BS,3.033,NURS-BSN,3.151
NURS-BS,2.395,NURS-BSN,2.12
NURS-BS,2.102,NURS-BSN,2.032
NURS-BS,3.102,NURS-BSN,3.097
NURS-BS,3.643,NURS-BSN,3.493
NURS-BS,3.934,NURS-BSN,3.845
NURS-BS,2.733,NURS-BSN,2.861
NURS-BS,3.0,NURS-BSN,2.904
NURS-BS,1.75,NURS-BSN,1.522
NURS-BS,3.418,NURS-BSN,3.242
NURS-BS,3.154,NURS-BSN,3.185
NURS-BS,3.19,NURS-BSN,3.194
NURS-BS,3.607,NURS-BSN,3.319
NURS-BS,3.185,NURS-BSN,3.162
NURS-BS,3.519,NURS-BSN,3.427
NURS-BS,4.0,NURS-BSN,3.979
NURS-BS,3.571,NURS-BSN,3.315
NURS-BS,3.387,NURS-BSN,3.419
NURS-BS,3.667,NURS-BSN,3.607
NURS-BS,0.0,NURS-BSN,1.214
NURS-BS,3.859,NURS-BSN,3.75
NURS-BS,3.559,NURS-BSN,3.471
NURS-BS,3.627,NURS-BSN,3.514
NURS-BS,3.864,NURS-BSN,3.892
NURS-BS,3.741,NURS-BSN,3.464
NURS-BS,3.298,NURS-BSN,3.375
NURS-BS,2.923,NURS-BSN,3.225
NURS-BS,2.24,NURS-BSN,2.405
NURS-BS,3.337,NURS-BSN,3.367
NURS-BS,2.991,NURS-BSN,3.025
NURS-BS,3.663,NURS-BSN,3.579
NURS-BS,2.172,NURS-BSN,2.125
NURS-BS,2.875,NURS-BSN,2.488
NURS-BS,3.451,NURS-BSN,3.427
NURS-BS,3.797,NURS-BSN,3.789
NURS-BS,3.451,NURS-BSN,3.231
NURS-BS,3.286,NURS-BSN,3.353
NURS-BS,3.333,NURS-BSN,3.4
NURS-BS,3.45,NURS-BSN,3.282
NURS-BS,1.8,NURS-BSN,1.973
NURS-BS,2.095,NURS-BSN,2.118
NURS-BS,3.774,NURS-BSN,3.657
NURS-BS,3.3,NURS-BSN,3.2
NURS-BS,2.2,NURS-BSN,1.913
NURS-BS,3.491,NURS-BSN,3.254
NURS-BS,3.829,NURS-BSN,3.88
NURS-BS,3.8,NURS-BSN,3.763
NURS-BS,3.787,NURS-BSN,3.528
NURS-BS,2.733,NURS-BSN,2.491
NURS-BS,3.411,NURS-BSN,3.388
NURS-BS,3.344,NURS-BSN,3.267
NURS-BS,2.892,NURS-BSN,3.12
NURS-BS,3.563,NURS-BSN,3.656
NURS-BS,3.231,NURS-BSN,3.34
NURS-BS,3.844,NURS-BSN,3.814
NURS-BS,3.548,NURS-BSN,3.6
NURS-BS,4.0,NURS-BSN,3.682
NURS-BS,3.694,NURS-BSN,3.699
NURS-BS,3.0,NURS-BSN,2.953
NURS-BS,2.615,NURS-BSN,2.588
NURS-BS,0.0,NURS-BSN,2.857
NURS-BS,3.923,NURS-BSN,3.943
NURS-BS,3.4,NURS-BSN,3.5
NURS-BS,3.397,NURS-BSN,3.247
NURS-BS,0.0,NURS-BSN,2.364
NURS-BS,3.875,NURS-BSN,3.903
NURS-BS,3.0,NURS-BSN,2.917
NURS-BS,3.333,NURS-BSN,3.364
NURS-BS,3.553,NURS-BSN,3.55
NURS-BS,3.7,NURS-BSN,3.545
NURS-BS,3.0,NURS-BSN,3.064
NURS-BS,3.929,NURS-BSN,3.946
NURS-BS,3.579,NURS-BSN,3.623
NURS-BS,2.064,NURS-BSN,2.064
NURS-BS,3.574,NURS-BSN,3.481
NURS-BS,0.0,NURS-BSN,4.0
NURS-BS,3.385,NURS-BSN,3.415
NURS-BS,2.938,NURS-BSN,2.778
NURS-BS,3.227,NURS-BSN,3.145
NURS-BS,0.0,NURS-BSN,0.0
NURS-BS,3.305,NURS-BSN,3.114
NURS-BS,3.638,NURS-BSN,3.53
NURS-BS,3.246,NURS-BSN,3.378
NURS-BS,3.4,NURS-BSN,2.941
NURS-BS,3.467,NURS-BSN,3.356
NURS-BS,2.241,NURS-BSN,2.558
NURS-BS,2.056,NURS-BSN,2.323
NURS-BS,2.25,NURS-BSN,2.444
NURS-BS,2.269,NURS-BSN,1.861
NURS-BS,0.0,NURS-BSN,2.8
NURS-BS,3.85,NURS-BSN,3.887
NURS-BS,0.0,NURS-BSN,2.636
NURS-BS,2.78,NURS-BSN,2.824
NURS-BS,2.5,NURS-BSN,1.471
NURS-BS,3.413,NURS-BSN,3.383
NURS-BS,2.357,NURS-BSN,2.61
NURS-BS,3.214,NURS-BSN,3.0
GENS-BGS,3.455,NURS-BSN,2.826
NURS-BS,2.931,NURS-BSN,2.791
NURS-BS,2.725,NURS-BSN,2.36
NURS-BS,3.344,NURS-BSN,3.543
NURS-BS,2.364,NURS-BSN,2.071
NURS-BS,3.108,NURS-BSN,3.042
NURS-BS,0.0,NURS-BSN,3.563
NURS-BS,4.0,NURS-BSN,3.727
NURS-BS,2.458,NURS-BSN,2.361
NURS-BS,3.283,NURS-BSN,3.203
NURS-BS,2.71,NURS-BSN,2.938
NURS-BS,0.0,NURS-BSN,0.0
NURS-BS,3.758,NURS-BSN,3.52
NURS-BS,3.76,NURS-BSN,3.541
NURS-BS,3.651,NURS-BSN,3.581
NURS-BS,3.364,NURS-BSN,3.511
NURS-BS,2.75,NURS-BSN,2.878
NURS-BS,2.91,NURS-BSN,2.893
NURS-BS,3.574,NURS-BSN,3.444
NURS-BS,0.0,NURS-BSN,3.286
NURS-BS,3.677,NURS-BSN,3.608
NURS-BS,3.5,NURS-BSN,3.591
NURS-BS,2.889,NURS-BSN,3.023
NURS-BS,4.0,NURS-BSN,3.346
NURS-BS,3.552,NURS-BSN,3.524
NURS-BS,3.278,NURS-BSN,3.082
NURS-BS,3.258,NURS-BSN,3.276
HPE-BS,3.354,NURS-BSN,3.436
NURS-BS,3.677,NURS-BSN,3.636
NURS-BS,2.974,NURS-BSN,3.185
NURS-BS,3.045,NURS-BSN,3.031
NURS-BS,0.0,NURS-BSN,2.125
NURS-BS,3.395,NURS-BSN,3.403
NURS-BS,0.0,NURS-BSN,0.0
NURS-BS,0.0,NURS-BSN,3.438
NURS-BS,0.0,NURS-BSN,2.417
NURS-BS,0.0,NURS-BSN,0.0
NURS-BS,3.42,NURS-BSN,3.268
NURS-BS,3.888,NURS-BSN,3.881
NURS-BS,0.0,NURS-BSN,2.091
NURS-BS,0.0,NURS-BSN,0.0
NURS-BS,0.0,NURS-BSN,3.167
NURS-BS,2.88,NURS-BSN,2.903
NURS-BS,3.179,NURS-BSN,3.396
NURS-BS,2.76,NURS-BSN,2.763
NURS-BS,3.828,NURS-BSN,3.722
NURS-BS,3.606,NURS-BSN,3.696
NURS-BS,3.08,NURS-BSN,3.132
NURS-BS,2.0,NURS-BSN,1.636
NURS-BS,0.6,NURS-BSN,0.529
NURS-BS,3.29,NURS-BSN,3.267
NURS-BS,3.857,NURS-BSN,3.839
NURS-BS,3.75,NURS-BSN,3.83
NURS-BS,3.308,NURS-BSN,3.5
NURS-BS,3.064,NURS-BSN,3.0
NURS-BS,3.034,NURS-BSN,2.86
NURS-BS,3.182,NURS-BSN,3.128
NURS-BS,2.879,NURS-BSN,2.837
NURS-BS,3.839,NURS-BSN,3.889
NURS-BS,2.655,NURS-BSN,2.098
NURS-BS,3.273,NURS-BSN,3.076
NURS-BS,3.296,NURS-BSN,3.175
NURS-BS,4.0,NURS-BSN,3.981
NURS-BS,2.691,NURS-BSN,2.552
NURS-BS,3.86,NURS-BSN,3.583
NURS-BS,4.0,NURS-BSN,4.0
NURS-BS,3.378,NURS-BSN,3.298
NURS-BS,3.889,NURS-BSN,3.929
NURS-BS,3.429,NURS-BSN,3.471
NURS-BS,3.933,NURS-BSN,3.952
NURS-BS,3.75,NURS-BSN,3.88
NURS-BS,3.846,NURS-BSN,3.83
NURS-BS,2.958,NURS-BSN,2.606
NURS-BS,3.139,NURS-BSN,3.082
NURS-BS,3.619,NURS-BSN,3.61
NURS-BS,3.828,NURS-BSN,3.788
NURS-BS,3.174,NURS-BSN,3.345
NURS-BS,3.389,NURS-BSN,3.25
NURS-BS,2.185,NURS-BSN,2.185
NURS-BS,3.522,NURS-BSN,3.054
NURS-BS,3.0,NURS-BSN,3.0
UNDECIDED,0.0,NURS-BSN,2.583
NURS-BS,4.0,NURS-BSN,3.632
NURS-BS,2.25,NURS-BSN,2.417
BIOL-BS,2.686,NURS-BSN,2.774
NURS-BS,3.303,NURS-BSN,3.42
NURS-BS,3.455,NURS-BSN,3.435
NURS-BS,4.0,NURS-BSN,3.864
NURS-BS,3.378,NURS-BSN,3.376
NURS-BS,3.532,NURS-BSN,3.479
NURS-BS,2.649,NURS-BSN,2.636
NURS-BS,2.778,NURS-BSN,2.836
NURS-BS,3.581,NURS-BSN,3.58
NURS-BS,2.571,NURS-BSN,2.549
NURS-BS,2.0,NURS-BSN,1.571
NURS-BS,2.292,NURS-BSN,2.865
NURS-BS,2.643,NURS-BSN,2.952
NURS-BS,3.303,NURS-BSN,3.12
NURS-BS,2.731,NURS-BSN,2.821
NURS-BS,2.7,NURS-BSN,1.913
NURS-BS,3.538,NURS-BSN,3.66
NURS-BS,3.133,NURS-BSN,3.161
NURS-BS,3.688,NURS-BSN,3.619
NURS-BS,3.069,NURS-BSN,3.049
NURS-BS,2.793,NURS-BSN,2.571
CHEM-BS,3.647,NURS-BSN,3.565
NURS-BS,2.467,NURS-BSN,2.595
NURS-BS,2.4,NURS-BSN,2.432
NURS-BS,3.909,NURS-BSN,3.86
NURS-BS,1.92,NURS-BSN,2.27
NURS-BS,0.0,NURS-BSN,2.625
NURS-BS,2.625,NURS-BSN,2.304
NURS-BS,2.625,NURS-BSN,2.412
NURS-BS,3.606,NURS-BSN,3.38
NURS-BS,2.5,NURS-BSN,2.651
NURS-BS,1.967,NURS-BSN,1.833
NURS-BS,3.214,NURS-BSN,2.85
NURS-BS,4.0,NURS-BSN,3.92
NURS-BS,3.121,NURS-BSN,3.093
NURS-BS,2.091,NURS-BSN,1.975
NURS-BS,3.242,NURS-BSN,3.24
NURS-BS,2.852,NURS-BSN,2.7
NURS-BS,3.838,NURS-BSN,3.765
NURS-BS,2.08,NURS-BSN,1.968
NURS-BS,2.364,NURS-BSN,2.458
NURS-BS,2.704,NURS-BSN,2.564
NURS-BS,3.125,NURS-BSN,3.283
NURS-BS,3.094,NURS-BSN,2.864
NURS-BS,2.636,NURS-BSN,2.578
NURS-BS,3.143,NURS-BSN,3.095
NURS-BS,2.6,NURS-BSN,2.522
NURS-BS,3.222,NURS-BSN,2.92
NURS-BS,3.154,NURS-BSN,3.093
NURS-BS,3.051,NURS-BSN,3.231
NURS-BS,3.242,NURS-BSN,3.196
NURS-BS,3.022,NURS-BSN,2.982
NURS-BS,3.361,NURS-BSN,3.54
NURS-BS,2.85,NURS-BSN,2.313
NURS-BS,2.889,NURS-BSN,2.939
NURS-BS,2.44,NURS-BSN,2.725
NURS-BS,2.939,NURS-BSN,3.0
NURS-BS,3.861,NURS-BSN,3.713
NURS-BS,1.545,NURS-BSN,1.556
NURS-BS,1.818,NURS-BSN,1.952
NURS-BS,3.759,NURS-BSN,3.837
NURS-BS,3.139,NURS-BSN,3.34
NURS-BS,3.683,NURS-BSN,3.491
NURS-BS,4.0,NURS-BSN,3.88
NURS-BS,2.731,NURS-BSN,2.795
NURS-BS,3.844,NURS-BSN,3.881
NURS-BS,2.844,NURS-BSN,2.674
NURS-BS,3.12,NURS-BSN,3.148
NURS-BS,3.737,NURS-BSN,3.678
NURS-BS,3.182,NURS-BSN,2.458
NURS-BS,3.051,NURS-BSN,3.058
NURS-BS,3.167,NURS-BSN,3.025
NURS-BS,0.0,NURS-BSN,3.813
NURS-BS,4.0,NURS-BSN,3.684
NURS-BS,0.0,NURS-BSN,3.222
NURS-BS,0.0,NURS-BSN,2.059
NURS-BS,2.2,NURS-BSN,2.089
NURS-BS,3.0,NURS-BSN,3.094
NURS-BS,3.273,NURS-BSN,2.98
NURS-BS,3.5,NURS-BSN,3.429
NURS-BS,3.0,NURS-BSN,3.053
NURS-BS,4.0,NURS-BSN,4.0
NURS-BS,3.5,NURS-BSN,3.365
NURS-BS,3.827,NURS-BSN,3.793
NURS-BS,0.0,NURS-BSN,2.5
NURS-BS,3.19,NURS-BSN,3.133
NURS-BS,3.571,NURS-BSN,3.582
NURS-BS,2.235,NURS-BSN,2.284
NURS-BS,3.187,NURS-BSN,3.245
NURS-BS,3.0,NURS-BSN,3.222
NURS-BS,2.688,NURS-BSN,2.66
NURS-BS,0.0,NURS-BSN,3.556
NURS-BS,3.375,NURS-BSN,3.314
NURS-BS,3.371,NURS-BSN,3.347
NURS-BS,3.128,NURS-BSN,3.009
NURS-BS,3.31,NURS-BSN,3.378
NURS-BS,1.909,NURS-BSN,2.031
NURS-BS,3.462,NURS-BSN,3.44
NURS-BS,2.093,NURS-BSN,2.281
NURS-BS,0.0,NURS-BSN,3.6
NURS-BS,0.0,NURS-BSN,1.714
NURS-BS,0.0,NURS-BSN,2.364
NURS-BS,3.333,NURS-BSN,3.571
NURS-BS,3.641,NURS-BSN,3.736
NURS-BS,0.0,NURS-BSN,2.875
NURS-BS,0.909,NURS-BSN,0.909
NURS-BS,2.0,NURS-BSN,1.917
NURS-BS,3.08,NURS-BSN,3.128
NURS-BS,0.0,NURS-BSN,3.25
NURS-BS,3.674,NURS-BSN,3.746
NURS-BS,4.0,NURS-BSN,4.0
NURS-BS,3.5,NURS-BSN,3.684
BIOL-BS,0.0,NURS-BSN,3.6
NURS-BS,3.356,NURS-BSN,3.369
NURS-BS,0.0,NURS-BSN,2.909
NURS-BS,2.065,NURS-BSN,2.17
NURS-BS,0.0,NURS-BSN,1.917
NURS-BS,3.51,NURS-BSN,3.523
NURS-BS,3.545,NURS-BSN,3.54
NURS-BS,3.0,NURS-BSN,3.323
NURS-BS,2.923,NURS-BSN,2.923
NURS-BS,3.429,NURS-BSN,3.243
NURS-BS,2.0,NURS-BSN,1.625
IT-BS,2.0,NURS-BSN,2.278
NURS-BS,3.397,NURS-BSN,3.397
NURS-BS,2.0,NURS-BSN,2.087
NURS-BS,3.333,NURS-BSN,3.227
NURS-BS,2.333,NURS-BSN,2.682
NURS-BS,3.0,NURS-BSN,3.357
NURS-BS,3.64,NURS-BSN,3.691
NURS-BS,3.0,NURS-BSN,3.273
NURS-BS,1.214,NURS-BSN,1.519
NURS-BS,3.0,NURS-BSN,3.278
NURS-BS,3.214,NURS-BSN,3.102
UNDECIDED,4.0,NURS-BSN,3.48
NURS-BS,2.929,NURS-BSN,2.932
NURS-BS,3.436,NURS-BSN,3.558
KIN-BS,3.333,NURS-BSN,3.682
NURS-BS,4.0,NURS-BSN,3.333
NURS-BS,3.25,NURS-BSN,3.16
NURS-BS,3.0,NURS-BSN,2.593
NURS-BS,3.0,NURS-BSN,2.0
NURS-BS,2.625,NURS-BSN,2.529
NURS-BS,3.0,NURS-BSN,2.929
NURS-BS,3.0,NURS-BSN,3.2
NURS-BS,3.0,NURS-BSN,3.318
NURS-BS,3.125,NURS-BSN,3.351
NURS-BS,3.0,NURS-BSN,3.067
NURS-BS,3.0,NURS-BSN,3.214
NURS-BS,3.0,NURS-BSN,3.368
NURS-BS,3.333,NURS-BSN,2.957
NURS-BS,3.464,NURS-BSN,3.571
NURS-BS,3.0,NURS-BSN,2.962
NURS-BS,3.5,NURS-BSN,3.643
NURS-BS,3.5,NURS-BSN,2.5
NURS-BS,2.5,NURS-BSN,2.962
NURS-BS,4.0,NURS-BSN,4.0
KIN-BS,3.75,NURS-BSN,3.889
BIOL-BS,0.0,NURS-BSN,2.867
NURS-BS,3.75,NURS-BSN,3.76
NURS-BS,3.576,NURS-BSN,3.66
NURS-BS,2.455,NURS-BSN,2.333
NURS-BS,3.0,NURS-BSN,2.885
NURS-BS,2.462,NURS-BSN,2.711
NURS-BS,3.346,NURS-BSN,3.3
NURS-BS,0.0,NURS-BSN,2.25
NURS-BS,3.0,NURS-BSN,3.158
NURS-BS,3.758,NURS-BSN,3.72
NURS-BS,3.64,NURS-BSN,3.538
NURS-BS,2.538,NURS-BSN,2.875
NURS-BS,3.564,NURS-BSN,3.596
NURS-BS,3.697,NURS-BSN,3.63
NURS-BS,0.0,NURS-BSN,3.125
NURS-BS,4.0,NURS-BSN,4.0
NURS-BS,2.41,NURS-BSN,2.538
NURS-BS,3.647,NURS-BSN,3.327
NURS-BS,3.074,NURS-BSN,2.769
NURS-BS,3.0,NURS-BSN,2.25
NURS-BS,0.0,NURS-BSN,3.0
NURS-BS,3.5,NURS-BSN,3.76
NURS-BS,0.0,NURS-BSN,3.813
NURS-BS,2.267,NURS-BSN,1.905
NURS-BS,2.655,NURS-BSN,2.651
NURS-BS,3.931,NURS-BSN,3.935
NURS-BS,3.242,NURS-BSN,3.239
NURS-BS,2.04,NURS-BSN,2.108
NURS-BS,3.629,NURS-BSN,3.643
NURS-BS,3.481,NURS-BSN,3.386
NURS-BS,2.238,NURS-BSN,2.541
NURS-BS,3.97,NURS-BSN,3.979
NURS-BS,2.887,NURS-BSN,2.912
NURS-BS,3.04,NURS-BSN,2.946
KIN-BS,2.321,NURS-BSN,2.39
NURS-BS,3.933,NURS-BSN,3.949
NURS-BS,3.584,NURS-BSN,3.485
NURS-BS,2.567,NURS-BSN,2.586
NURS-BS,3.196,NURS-BSN,3.403
BIOL-BS,0.0,NURS-BSN,2.091
NURS-BS,0.0,NURS-BSN,2.636
NURS-BS,0.0,NURS-BSN,2.917
NURS-BS,0.0,NURS-BSN,2.846
NURS-BS,2.753,NURS-BSN,2.74
NURS-BS,3.759,NURS-BSN,3.69
NURS-BS,3.367,NURS-BSN,3.435
SW-BA,2.875,NURS-BSN,1.722
NURS-BS,0.0,NURS-BSN,2.813
NURS-BS,0.0,NURS-BSN,2.636
NURS-BS,2.613,NURS-BSN,2.721
NURS-BS,2.0,NURS-BSN,2.714
NURS-BS,3.5,NURS-BSN,3.609
NURS-BS,0.0,NURS-BSN,3.0
NURS-BS,0.0,NURS-BSN,3.692
NURS-BS,3.0,NURS-BSN,3.813
NURS-BS,0.0,NURS-BSN,2.267
NURS-BS,0.0,NURS-BSN,3.133
NURS-BS,2.381,NURS-BSN,1.967
NURS-BS,0.0,NURS-BSN,1.273
NURS-BS,2.5,NURS-BSN,1.533
NURS-BS,3.333,NURS-BSN,3.16
NURS-BS,3.686,NURS-BSN,3.673
NURS-BS,2.057,NURS-BSN,1.902
NURS-BS,3.0,NURS-BSN,3.08
NURS-BS,2.12,NURS-BSN,1.974
NURS-BS,4.0,NURS-BSN,4.0
NURS-BS,3.25,NURS-BSN,3.042
NURS-BS,3.5,NURS-BSN,3.571
NURS-BS,0.0,NURS-BSN,2.417
NURS-BS,0.0,NURS-BSN,2.231
NURS-BS,0.0,NURS-BSN,2.733
NURS-BS,4.0,NURS-BSN,3.273
NURS-BS,4.0,NURS-BSN,3.625
UNDECIDED,0.0,NURS-BSN,3.182
NURS-BS,0.0,NURS-BSN,0.0
NURS-BS,0.0,NURS-BSN,1.467
NURS-BS,0.0,NURS-BSN,4.0
NURS-BS,0.0,NURS-BSN,3.167
BIOL-BS,0.0,NURS-BSN,4.0
NURS-BS,3.0,NURS-BSN,2.714
NURS-BS,3.31,NURS-BSN,2.795
NURS-BS,4.0,NURS-BSN,4.0
NURS-BS,3.0,NURS-BSN,3.158
NURS-BS,4.0,NURS-BSN,3.864
NURS-BS,3.75,NURS-BSN,3.679
NURS-BS,0.0,NURS-BSN,2.583
NURS-BS,0.0,NURS-BSN,2.923
NURS-BS,3.857,NURS-BSN,3.827
NURS-BS,3.0,NURS-BSN,3.211
NURS-BS,1.733,NURS-BSN,1.881
NURS-BS,4.0,NURS-BSN,3.421
NURS-BS,2.0,NURS-BSN,2.267
NURS-BS,3.529,NURS-BSN,3.375
NURS-BS,3.345,NURS-BSN,3.214
NURS-BS,3.0,NURS-BSN,3.313
NURS-BS,4.0,NURS-BSN,4.0
NURS-BS,1.958,NURS-BSN,1.958
NURS-BS,2.0,NURS-BSN,2.167
NURS-BS,2.8,NURS-BSN,2.909
NURS-BS,3.5,NURS-BSN,3.5
NURS-BS,0.0,NURS-BSN,0.4
NURS-BS,2.2,NURS-BSN,2.195
NURS-BS,3.679,NURS-BSN,2.975
NURS-BS,0.0,NURS-BSN,4.0
NURS-BS,3.545,NURS-BSN,3.5
NURS-BS,3.462,NURS-BSN,3.5
NURS-BS,3.042,NURS-BSN,2.677
NURS-BS,3.266,NURS-BSN,3.253
NURS-BS,3.036,NURS-BSN,2.744
NURS-BS,0.0,NURS-BSN,2.909
NURS-BS,0.0,NURS-BSN,4.0
NURS-BS,3.556,NURS-BSN,3.578
NURS-BS,0.0,NURS-BSN,3.611
NURS-BS,2.833,NURS-BSN,2.806
NURS-BS,4.0,NURS-BSN,4.0
NURS-BS,0.0,NURS-BSN,3.0
NURS-BS,0.0,NURS-BSN,1.875
NURS-BS,3.441,NURS-BSN,3.204
NURS-BS,0.0,NURS-BSN,1.818
NURS-BS,0.0,NURS-BSN,3.182
NURS-BS,3.667,NURS-BSN,3.76
NURS-BS,3.0,NURS-BSN,3.182
NURS-BS,4.0,NURS-BSN,3.444
NURS-BS,0.0,NURS-BSN,1.733
NURS-BS,0.0,NURS-BSN,3.133
NURS-BS,0.0,NURS-BSN,2.0
NURS-BS,2.5,NURS-BSN,2.947
NURS-BS,0.0,NURS-BSN,1.467
NURS-BS,3.76,NURS-BSN,3.538
NURS-BS,3.875,NURS-BSN,3.632
NURS-BS,2.611,NURS-BSN,2.66
NURS-BS,3.816,NURS-BSN,3.838
NURS-BS,3.17,NURS-BSN,3.165
NURS-BS,0.0,NURS-BSN,2.909
NURS-BS,2.848,NURS-BSN,2.891
NURS-BS,3.255,NURS-BSN,3.235
NURS-BS,3.854,NURS-BSN,3.816
NURS-BS,0.0,NURS-BSN,0.75
NURS-BS,0.0,NURS-BSN,2.727
NURS-BS,4.0,NURS-BSN,4.0
NURS-BS,0.0,NURS-BSN,3.455
NURS-BS,2.0,NURS-BSN,2.667
BIOL-BS,0.0,NURS-BSN,2.636
NURS-BS,0.0,NURS-BSN,2.917
NURS-BS,0.0,NURS-BSN,0.0
NURS-BS,0.0,NURS-BSN,2.5
NURS-BS,0.0,NURS-BSN,1.0
NURS-BS,2.0,NURS-BSN,3.667
NURS-BS,0.0,NURS-BSN,3.727
KIN-BS,0.0,NURS-BSN,3.733
BIOL-BS,0.0,NURS-BSN,2.364
NURS-BS,0.0,NURS-BSN,4.0
NURS-BS,2.0,NURS-BSN,2.714
NURS-BS,0.0,NURS-BSN,3.727
NURS-BS,2.0,NURS-BSN,2.0
NURS-BS,0.0,NURS-BSN,4.0
NURS-BS,2.5,NURS-BSN,2.059
NURS-BS,0.0,NURS-BSN,4.0
NURS-BS,0.0,NURS-BSN,0.214
NURS-BS,3.0,NURS-BSN,3.471
NURS-BS,4.0,NURS-BSN,2.5
NURS-BS,0.0,NURS-BSN,1.818
NURS-BS,4.0,NURS-BSN,4.0
NURS-BS,2.0,NURS-BSN,3.316
NURS-BS,0.0,NURS-BSN,2.75
NURS-BS,2.0,NURS-BSN,3.368
NURS-BS,3.0,NURS-BSN,3.684
NURS-BS,0.0,NURS-BSN,2.5
NURS-BS,0.0,NURS-BSN,0.667
NURS-BS,2.5,NURS-BSN,3.28
NURS-BS,0.0,NURS-BSN,2.75
NURS-BS,0.0,NURS-BSN,3.222
NURS-BS,0.0,NURS-BSN,4.0
NURS-BS,0.0,NURS-BSN,3.625
NURS-BS,0.0,NURS-BSN,1.857
NURS-BS,0.0,NURS-BSN,2.636
NURS-BS,0.0,NURS-BSN,2.0
NURS-BS,3.5,NURS-BSN,3.76
UNDECIDED,0.0,NURS-BSN,3.455
NURS-BS,4.0,NURS-BSN,4.0
NURS-BS,0.0,NURS-BSN,2.636
NURS-BS,1.0,NURS-BSN,2.05
NURS-BS,3.0,NURS-BSN,3.684
NURS-BS,0.0,NURS-BSN,2.929
NURS-BS,2.5,NURS-BSN,2.417
BIOL-BS,3.844,NURS-BSN,3.75
BIOL-BS,2.967,NURS-BSN,2.814
NURS-BS,0.0,NURS-BSN,2.909
NURS-BS,0.0,NURS-BSN,0.0
NURS-BS,0.0,NURS-BSN,3.25
NURS-BS,0.0,NURS-BSN,3.455
NURS-BS,0.0,NURS-BSN,2.125
NURS-BS,0.0,NURS-BSN,0.0
NURS-BS,3.0,NURS-BSN,3.591
NURS-BS,0.0,NURS-BSN,1.273
NURS-BS,0.0,NURS-BSN,3.5
NURS-BS,2.0,NURS-BSN,2.143
NURS-BS,0.0,NURS-BSN,2.909
NURS-BS,0.0,NURS-BSN,2.444
NURS-BS,0.0,NURS-BSN,3.533
NURS-BS,0.0,NURS-BSN,2.933
NURS-BS,0.0,NURS-BSN,3.167
NURS-BS,0.0,NURS-BSN,3.143
NURS-BS,0.0,NURS-BSN,2.5
NURS-BS,0.0,NURS-BSN,3.1
NURS-BS,0.0,NURS-BSN,3.313
NURS-BS,0.0,NURS-BSN,2.933
NURS-BS,0.0,NURS-BSN,2.909
NURS-BS,0.0,NURS-BSN,3.357
NURS-BS,0.0,NURS-BSN,3.182
NURS-BS,0.0,NURS-BSN,2.467
NURS-BS,0.0,NURS-BSN,1.333
NURS-BS,0.0,NURS-BSN,3.75
NURS-BS,0.0,NURS-BSN,3.071
NURS-BS,0.0,NURS-BSN,2.0
NURS-BS,3.0,NURS-BSN,3.25
NURS-BS,0.0,NURS-BSN,3.182
NURS-BS,0.0,NURS-BSN,3.455
NURS-BS,0.0,NURS-BSN,0.5
BIOL-BS,3.0,NURS-BSN,1.375
NURS-BS,0.0,NURS-BSN,2.467
NURS-BS,3.724,NURS-BSN,3.578
NURS-BS,0.0,NURS-BSN,2.333
NURS-BS,0.0,NURS-BSN,1.929
NURS-BS,0.0,NURS-BSN,2.636
NURS-BS,4.0,NURS-BSN,4.0
NURS-BS,2.0,NURS-BSN,2.067
NURS-BS,0.0,NURS-BSN,2.5
NURS-BS,4.0,NURS-BSN,3.625
NURS-BS,0.0,NURS-BSN,2.929
NURS-BS,0.0,NURS-BSN,2.071
NURS-BS,0.0,NURS-BSN,4.0
NURS-BS,0.0,NURS-BSN,0.0
NURS-BS,0.0,NURS-BSN,2.5
NURS-BS,0.0,NURS-BSN,1.313
NURS-BS,3.714,NURS-BSN,3.48
NURS-BS,0.0,NURS-BSN,2.933
NURS-BS,0.0,NURS-BSN,2.333
NURS-BS,2.5,NURS-BSN,2.471
ECED-BS,0.0,NURS-BSN,2.917
NURS-BS,0.0,NURS-BSN,2.455
NURS-BS,3.432,NURS-BSN,3.216
NURS-BS,0.0,NURS-BSN,3.906
NURS-BS,0.0,NURS-BSN,0.0
NURS-BS,0.0,NURS-BSN,3.4
NURS-BS,0.0,NURS-BSN,2.5
NURS-BS,0.0,NURS-BSN,3.222
NURS-BS,0.0,NURS-BSN,0.0
NURS-BS,3.5,NURS-BSN,3.238
NURS-BS,4.0,NURS-BSN,4.0
NURS-BS,0.0,NURS-BSN,0.0
NURS-BS,0.0,NURS-BSN,2.091
NURS-BS,0.0,NURS-BSN,2.5
NURS-BS,0.0,NURS-BSN,3.182
NURS-BS,0.0,NURS-BSN,3.727
NURS-BS,0.0,NURS-BSN,2.375
NURS-BS,2.654,NURS-BSN,2.676
NURS-BS,0.0,NURS-BSN,1.917
NURS-BS,3.903,NURS-BSN,3.938
NURS-BS,3.667,NURS-BSN,3.78
NURS-BS,0.0,NURS-BSN,3.727
NURS-BS,0.0,NURS-BSN,0.0
NURS-BS,0.0,NURS-BSN,3.125
SW-BA,2.786,NURS-BSN,2.667
BIOL-BS,3.889,NURS-BSN,3.925
ART-BA,3.727,NURS-BSN,3.467
NURS-BS,0.0,NURS-BSN,3.727
NURS-BS,0.0,NURS-BSN,2.364
NURS-BS,0.0,NURS-BSN,3.0
NURS-BS,2.4,NURS-BSN,2.182
NURS-BS,1.538,NURS-BSN,1.95
NURS-BS,3.025,NURS-BSN,3.029
NURS-BS,0.0,NURS-BSN,2.6
BIOL-BS,0.0,NURS-BSN,1.818
NURS-BS,2.038,NURS-BSN,2.375
NURS-BS,3.106,NURS-BSN,3.192
NURS-BS,3.354,NURS-BSN,3.326
NURS-BS,2.953,NURS-BSN,2.925
NURS-BS,3.175,NURS-BSN,3.161
NURS-BS,0.0,NURS-BSN,3.727
NURS-BS,0.0,NURS-BSN,2.091
NURS-BS,0.0,NURS-BSN,1.273
NURS-BS,0.0,NURS-BSN,3.308
NURS-BS,0.0,NURS-BSN,3.25
NURS-BS,0.0,NURS-BSN,3.733
NURS-BS,3.16,NURS-BSN,3.118
NURS-BS,0.0,NURS-BSN,3.0
NURS-BS,0.0,NURS-BSN,0.0
NURS-BS,2.354,NURS-BSN,2.245
NURS-BS,0.0,NURS-BSN,3.333
NURS-BS,3.824,NURS-BSN,3.9
NURS-BS,3.25,NURS-BSN,3.135
NURS-BS,3.513,NURS-BSN,3.524
NURS-BS,2.042,NURS-BSN,2.027
NURS-BS,2.521,NURS-BSN,2.635
NURS-BS,3.0,NURS-BSN,2.571
NURS-BS,3.702,NURS-BSN,3.642
NURS-BS,3.023,NURS-BSN,2.96
NURS-BS,2.516,NURS-BSN,2.587
NURS-BS,0.0,NURS-BSN,4.0
NURS-BS,4.0,NURS-BSN,4.0
NURS-BS,4.0,NURS-BSN,3.864
NURS-BS,3.0,NURS-BSN,3.438
NURS-BS,3.0,NURS-BSN,3.294
NURS-BS,0.0,NURS-BSN,3.667
NURS-BS,2.5,NURS-BSN,2.278
NURS-BS,2.0,NURS-BSN,2.647
NURS-BS,3.0,NURS-BSN,2.8
NURS-BS,3.0,NURS-BSN,3.133
NURS-BS,3.0,NURS-BSN,3.556
NURS-BS,4.0,NURS-BSN,4.0
NURS-BS,2.0,NURS-BSN,3.357
NURS-BS,3.0,NURS-BSN,2.214
NURS-BS,2.0,NURS-BSN,3.684
NURS-BS,0.0,NURS-BSN,4.0
NURS-BS,0.0,NURS-BSN,2.714
NURS-BS,3.917,NURS-BSN,3.921
NURS-BS,2.0,NURS-BSN,2.722
NURS-BS,3.04,NURS-BSN,3.087
NURS-BS,0.0,NURS-BSN,2.467
KIN-BS,2.0,NURS-BSN,2.333
NURS-BS,0.0,NURS-BSN,0.917
NURS-BS,3.667,NURS-BSN,3.559
NURS-BS,3.0,NURS-BSN,2.714
NURS-BS,0.0,NURS-BSN,2.176
NURS-BS,0.0,NURS-BSN,3.357
NURS-BS,4.0,NURS-BSN,4.0
KIN-BS,0.0,NURS-BSN,2.714
NURS-BS,0.0,NURS-BSN,2.455
NURS-BS,0.0,NURS-BSN,2.923
NURS-BS,0.0,NURS-BSN,3.222
BIOL-BS,0.0,NURS-BSN,3.385
NURS-BS,0.0,NURS-BSN,3.0
NURS-BS,0.0,NURS-BSN,1.0
ATHT-BS,2.667,NURS-BSN,3.0
NURS-BS,0.0,NURS-BSN,3.778
NURS-BS,3.5,NURS-BSN,3.211
NURS-BS,0.0,NURS-BSN,1.375
NURS-BS,0.0,NURS-BSN,2.8
NURS-BS,0.0,NURS-BSN,3.455
NURS-BS,0.0,NURS-BSN,2.364
NURS-BS,0.0,NURS-BSN,1.273
NURS-BS,0.0,NURS-BSN,3.333
NURS-BS,0.0,NURS-BSN,2.909
NURS-BS,0.0,NURS-BSN,3.158
NURS-BS,0.0,NURS-BSN,3.6
NURS-BS,0.0,NURS-BSN,0.0
NURS-BS,3.167,NURS-BSN,3.419
NURS-BS,0.0,NURS-BSN,1.071
NURS-BS,4.0,NURS-BSN,3.76
NURS-BS,4.0,NURS-BSN,3.864
NURS-BS,2.0,NURS-BSN,2.556
NURS-BS,0.0,NURS-BSN,1.545
NURS-BS,3.5,NURS-BSN,2.895
NURS-BS,0.0,NURS-BSN,3.4
NURS-BS,0.0,NURS-BSN,1.5
NURS-BS,0.0,NURS-BSN,2.933
BIOL-BS,0.0,NURS-BSN,2.667
NURS-BS,0.0,NURS-BSN,2.077
NURS-BS,0.0,NURS-BSN,2.667
NURS-BS,2.63,NURS-BSN,2.61
NURS-BS,0.0,NURS-BSN,0.0
NURS-BS,0.0,NURS-BSN,3.5
NURS-BS,0.0,NURS-BSN,2.909
NURS-BS,3.435,NURS-BSN,3.5
NURS-BS,0.0,NURS-BSN,0.0
NURS-BS,0.0,NURS-BSN,2.909
NURS-BS,0.0,NURS-BSN,1.667
NURS-BS,0.0,NURS-BSN,2.091
NURS-BS,0.0,NURS-BSN,0.364
NURS-BS,0.0,NURS-BSN,0.5
NURS-BS,0.0,NURS-BSN,1.25
NURS-BS,0.0,NURS-BSN,2.875
NURS-BS,0.0,NURS-BSN,2.4
NURS-BS,3.0,NURS-BSN,2.412
NURS-BS,0.0,NURS-BSN,0.714
NURS-BS,0.0,NURS-BSN,0.429
NURS-BS,0.0,NURS-BSN,3.182
NURS-BS,0.0,NURS-BSN,2.909
NURS-BS,3.0,NURS-BSN,2.533
NURS-BS,0.0,NURS-BSN,3.143
NURS-BS,0.0,NURS-BSN,1.25
BIOL-BS,0.0,NURS-BSN,2.364
NURS-BS,0.0,NURS-BSN,2.583
NURS-BS,4.0,NURS-BSN,3.571
NURS-BS,0.0,NURS-BSN,0.0
BIOL-BS,0.0,NURS-BSN,2.0
NURS-BS,3.0,NURS-BSN,3.095
NURS-BS,0.0,NURS-BSN,0.0
NURS-BS,0.0,NURS-BSN,3.133
NURS-BS,0.0,NURS-BSN,1.571
NURS-BS,0.0,NURS-BSN,2.533
NURS-BS,3.0,NURS-BSN,2.467
NURS-BS,0.0,NURS-BSN,1.333
NURS-BS,0.0,NURS-BSN,2.818
NURS-BS,3.459,NURS-BSN,3.302
NURS-BS,3.0,NURS-BSN,2.95
NURS-BS,0.0,NURS-BSN,2.909
NURS-BS,0.0,NURS-BSN,0.0
NURS-BS,0.0,NURS-BSN,0.143
NURS-BS,0.0,NURS-BSN,0.909
NURS-BS,0.0,NURS-BSN,3.182
NURS-BS,0.0,NURS-BSN,2.083
NURS-BS,0.0,NURS-BSN,2.667
NURS-BS,4.0,NURS-BSN,3.813
NURS-BS,0.0,NURS-BSN,2.0
NURS-BS,0.0,NURS-BSN,3.75
NURS-BS,0.0,NURS-BSN,3.182
HSM-BS,0.0,NURS-BSN,2.636
NURS-BS,3.246,NURS-BSN,3.247
NURS-BS,0.0,NURS-BSN,2.091
NURS-BS,0.0,NURS-BSN,1.875
NURS-BS,0.0,NURS-BSN,4.0
NURS-BS,3.278,NURS-BSN,3.31
NURS-BS,0.0,NURS-BSN,1.333
NURS-BS,0.0,NURS-BSN,3.5
NURS-BS,0.0,NURS-BSN,2.125
HSM-BS,0.0,NURS-BSN,3.4
NURS-BS,3.571,NURS-BSN,3.278
NURS-BS,0.0,NURS-BSN,2.067
NURS-BS,3.176,NURS-BSN,3.221
NURS-BS,0.0,NURS-BSN,3.125
BIOL-BS,0.0,NURS-BSN,2.583
NURS-BS,0.0,NURS-BSN,2.636
NURS-BS,0.0,NURS-BSN,2.333
NURS-BS,0.0,NURS-BSN,3.667
CJ-BA,0.0,NURS-BSN,3.143
NURS-BS,4.0,NURS-BSN,4.0
NURS-BS,0.0,NURS-BSN,2.091
NURS-BS,0.0,NURS-BSN,2.733
NURS-BS,2.729,NURS-BSN,2.667
NURS-BS,3.333,NURS-BSN,3.519
NURS-BS,3.867,NURS-BSN,3.768
NURS-BS,2.767,NURS-BSN,3.047
NURS-BS,0.0,NURS-BSN,1.5
NURS-BS,0.0,NURS-BSN,0.0
NURS-BS,0.0,NURS-BSN,2.091
NURS-BS,0.0,NURS-BSN,3.875
NURS-BS,0.0,NURS-BSN,3.143
NURS-BS,2.467,NURS-BSN,2.621
NURS-BS,2.4,NURS-BSN,2.19
NURS-BS,3.399,NURS-BSN,3.427
NURS-BS,0.0,NURS-BSN,0.364
NURS-BS,2.88,NURS-BSN,2.974
NURS-BS,0.0,NURS-BSN,0.0
NURS-BS,3.47,NURS-BSN,3.451
NURS-BS,2.966,NURS-BSN,3.162
NURS-BS,0.0,NURS-BSN,0.0
NURS-BS,0.0,NURS-BSN,0.0
NURS-BS,1.925,NURS-BSN,1.481
NURS-BS,2.115,NURS-BSN,2.1
NURS-BS,0.0,NURS-BSN,0.0
NURS-BS,0.0,NURS-BSN,2.636
NURS-BS,0.0,NURS-BSN,2.125
NURS-BS,0.0,NURS-BSN,3.25
BIOL-BS,0.0,NURS-BSN,2.455
NURS-BS,4.0,NURS-BSN,4.0
NURS-BS,3.526,NURS-BSN,3.4
NURS-BS,0.0,NURS-BSN,2.909
NURS-BS,2.091,NURS-BSN,1.892
NURS-BS,3.361,NURS-BSN,3.469
NURS-BS,3.314,NURS-BSN,3.4
ATHT-BS,0.0,NURS-BSN,3.4
NURS-BS,0.0,NURS-BSN,1.364
NURS-BS,0.0,NURS-BSN,0.364
NURS-BS,0.0,NURS-BSN,1.818
NURS-BS,2.239,NURS-BSN,2.211
NURS-BS,2.667,NURS-BSN,2.725
NURS-BS,0.0,NURS-BSN,3.0
NURS-BS,3.231,NURS-BSN,3.25
NURS-BS,0.0,NURS-BSN,3.727
NURS-BS,3.9,NURS-BSN,3.904
NURS-BS,3.208,NURS-BSN,3.203
BIOL-BS,2.0,NURS-BSN,2.929
NURS-BS,1.796,NURS-BSN,2.097
NURS-BS,3.418,NURS-BSN,3.428
NURS-BS,3.711,NURS-BSN,3.684
NURS-BS,2.565,NURS-BSN,2.677
NURS-BS,2.516,NURS-BSN,2.066
NURS-BS,0.0,NURS-BSN,0.0
NURS-BS,0.0,NURS-BSN,3.25
NURS-BS,3.167,NURS-BSN,3.0
NURS-BS,3.846,NURS-BSN,3.851
NURS-BS,2.791,NURS-BSN,2.87
NURS-BS,0.0,NURS-BSN,0.375
BIOL-BS,0.0,NURS-BSN,2.182
NURS-BS,3.643,NURS-BSN,3.783
NURS-BS,0.917,NURS-BSN,1.319
KIN-BS,2.0,OSHE-BS,1.917
IT-AAS,1.611,OSHE-BS,1.864
UNDECIDED,2.778,OSHE-BS,2.538
BIOL-BS,3.061,OSHE-BS,2.766
NURS-BS,2.344,OSHE-BS,2.384
IT-AAS,2.911,OSHE-BS,2.882
CJ-BA,1.963,OSHE-BS,2.2
CS-BS,2.737,OSHE-BS,2.5
NURS-BS,3.452,OSHE-BS,3.315
PSYC-BA,2.87,OSHE-BS,3.158
KIN-BS,2.868,OSHE-BS,2.923
UNDECIDED,0.0,OSHE-BS,3.4
UNDECIDED,0.0,OSHE-BS,3.0
IT-BS,2.5,OSHE-BS,2.95
CHEM-BS,2.333,OSHE-BS,2.211
MRKT-BA,0.0,OSHE-BS,3.357
ENTC-BS,2.03,PHYS-BS,2.038
ENTC-BS,3.667,PHYS-BS,3.829
UNDECIDED,0.0,PHYS-BS,3.357
ENTC-BS,3.167,PHYS-BS,3.119
ENTC-BS,0.0,PHYS-BS,4.0
ENTC-BS,0.0,PHYS-BS,3.813
CS-BS,0.0,PHYS-BS,1.929
SST-BA,4.0,POLI-BA,4.0
FIN-BS,3.133,POLI-BA,3.089
SOC-BA,2.406,POLI-BA,2.422
CJ-BA,3.2,POLI-BA,3.6
SST-BA,2.0,POLI-BA,2.071
BIOL-BS,0.0,POLI-BA,3.083
CJ-BA,3.514,POLI-BA,3.545
SST-BA,0.0,POLI-BA,1.071
ENTC-BS,0.0,POLI-BA,2.273
SOC-BA,1.996,PSYC-BA,1.908
ART-BA,2.156,PSYC-BA,1.99
NURS-BS,2.14,PSYC-BA,2.033
MGMT-BA,2.826,PSYC-BA,2.826
BIOL-BS,2.186,PSYC-BA,2.087
MSSP-BS,2.903,PSYC-BA,2.909
ENGL-BA,3.182,PSYC-BA,2.972
NURS-BS,2.79,PSYC-BA,2.587
NURS-BS,3.464,PSYC-BA,3.364
BIOL-BS,2.406,PSYC-BA,2.431
MGMT-BA,3.388,PSYC-BA,3.297
BIOL-BS,0.0,PSYC-BA,3.4
KIN-BS,2.825,PSYC-BA,2.882
ENGE-BA,3.091,PSYC-BA,3.125
ECED-BS,2.571,PSYC-BA,2.444
NURS-BS,2.962,PSYC-BA,2.9
MRKT-BA,4.0,PSYC-BA,2.588
NURS-BS,2.333,PSYC-BA,1.667
NURS-BS,3.333,PSYC-BA,3.484
NURS-BS,2.0,PSYC-BA,2.059
CS-BS,2.0,PSYC-BA,1.818
ART-BA,3.0,PSYC-BA,2.605
CJ-BA,3.182,PSYC-BA,3.087
HIST-BA,2.786,PSYC-BA,2.62
BIOL-BS,2.918,PSYC-BA,2.587
CJ-BA,0.0,PSYC-BA,2.357
UNDECIDED,0.0,PSYC-BA,3.727
NURS-BS,0.0,PSYC-BA,3.125
ELED-BS,0.0,PSYC-BA,2.727
UNDECIDED,0.0,PSYC-BA,2.727
UNDECIDED,3.0,PSYC-BA,2.759
SW-BA,3.25,PSYC-BA,3.0
COMM-BA,0.0,PSYC-BA,1.75
ECED-BS,3.5,PSYC-BA,3.7
NURS-BS,0.0,PSYC-BA,3.727
BA-BBA,0.0,PSYC-BA,3.455
ELSP-BS,0.0,PSYC-BA,1.25
KIN-BS,0.0,PSYC-BA,3.143
CJ-BA,0.0,PSYC-BA,0.182
BIOL-BS,4.0,PSYC-BA,1.706
CJ-BA,0.0,PSYC-BA,0.667
BIOL-BS,0.0,PSYC-BA,0.636
BIOL-BS,0.0,PSYC-BA,3.222
SW-BA,2.563,PSYC-BA,2.439
SOC-BA,0.0,PSYC-BA,2.5
CHEM-BS,3.251,PSYC-BA,2.964
NURS-BS,3.14,PSYC-BA,3.183
MGMT-BA,2.34,SCMT-BS,2.35
POLI-BA,2.841,SCMT-BS,2.821
CHEM-BS,3.182,SCMT-BS,3.273
CS-BS,3.333,SCMT-BS,2.957
KIN-BS,2.607,SCMT-BS,2.775
BA-BBA,3.7,SCMT-BS,3.8
CS-BS,2.8,SOC-BA,2.658
FCS-BS,2.386,SOC-BA,2.458
CJ-BA,3.5,SOC-BA,3.533
CHEM-BS,2.19,SOC-BA,1.926
UNDECIDED,4.0,SOC-BA,3.714
ECED-BS,2.368,SOC-BA,2.273
GENS-BGS,3.4,SOC-BA,3.467
NURS-BS,2.0,SOC-BA,1.4
BIOL-BS,3.6,SOC-BA,3.261
PSYC-BA,3.48,SOC-BA,2.886
BIOL-BS,4.0,SOC-BA,4.0
CJ-BA,0.0,SOC-BA,2.0
MATH-BS,0.0,SPAN-BA,2.091
PSYC-BA,2.885,SPAN-BA,2.789
ELED-BS,2.468,SPAN-BA,2.387
MGMT-BA,2.889,SPAN-BA,3.186
MGMT-BA,3.707,SPAN-BA,3.644
MATH-BS,1.947,SPTM-BS,1.721
ATHT-BS,2.167,SPTM-BS,2.141
KIN-BS,3.3,SPTM-BS,3.0
UNDECIDED,3.0,SPTM-BS,2.0
KIN-BS,0.0,SPTM-BS,3.133
ENTC-BS,3.0,SPTM-BS,2.8
BIOL-BS,0.0,SPTM-BS,3.0
UNDECIDED,3.0,SPTM-BS,2.95
ENTC-BS,0.0,SPTM-BS,2.364
NURS-BS,0.0,SST-BA,1.69
HIST-BA,2.179,SST-BA,2.299
ATHT-BS,2.909,SST-BA,2.891
MATH-BS,3.214,SST-BA,3.0
HIST-BA,2.552,SST-BA,2.622
OSHE-BS,2.143,SST-BA,2.146
BIOL-BS,3.429,SST-BA,3.029
ECED-BS,0.0,SST-BA,2.909
KIN-BS,0.0,SST-BA,1.833
GENS-BGS,0.875,SW-BA,1.0
MGMT-BA,1.205,SW-BA,1.413
ECED-BS,2.488,SW-BA,2.457
PSYC-BA,2.667,SW-BA,2.685
PSYC-BA,1.931,SW-BA,2.105
PSYC-BA,3.292,SW-BA,3.188
GENS-BGS,0.0,SW-BA,2.286
PSYC-BA,2.167,SW-BA,2.311
UNDECIDED,2.417,SW-BA,2.27
ELED-BS,3.364,SW-BA,3.313
ECED-BS,3.264,SW-BA,3.284
ELED-BS,3.0,SW-BA,3.357
UNDECIDED,0.0,SW-BA,2.067
ELED-BS,0.0,SW-BA,3.455
UNDECIDED,0.0,SW-BA,1.143
UNDECIDED,0.0,SW-BA,1.545
PSYC-BA,3.2,SW-BA,3.207
KIN-BS,0.0,SW-BA,3.727
PSYC-BA,0.0,SW-BA,0.818
GENS-BGS,0.0,SW-BA,3.8
ECED-BS,1.826,SW-BA,1.875
FCS-BS,3.111,SW-BA,3.143
BIOL-BS,3.273,SW-BA,2.833
MGMT-BA,2.817,SW-BA,2.764
UNDECIDED,3.0,SW-BA,2.286
COMM-BA,0.0,SW-BA,2.667
ACCT-BS,3.0,SW-BA,1.333
BIOL-BS,0.0,SW-BA,0.909
UNDECIDED,0.0,SW-BA,2.583
NURS-BS,0.0,SW-BA,0.5
BIOL-BS,0.0,SW-BA,2.182
